<annotation>
  <folder>images</folder>
  <filename>%C3%85rets%20fotografer%202016_17.png</filename>
  <path>E:\TableBank-Recognition\Recognition\images</path>
  <source>
    <database>Unknown</database>
  </source>
  <size>
    <width>435</width>
    <height>192</height>
    <depth>3</depth>
  </size>
  <segmented>0</segmented>
  <object>
    <name>table_cell</name>
    <pose>Unspecified</pose>
    <truncated>0</truncated>
    <difficult>0</difficult>
    <bndbox>
      <xmin>103</xmin>
      <ymin>9</ymin>
      <xmax>202</xmax>
      <ymax>26</ymax>
    </bndbox>
  </object>
  <object>
    <name>table_cell</name>
    <pose>Unspecified</pose>
    <truncated>0</truncated>
    <difficult>0</difficult>
    <bndbox>
      <xmin>258</xmin>
      <ymin>9</ymin>
      <xmax>401</xmax>
      <ymax>26</ymax>
    </bndbox>
  </object>
  <object>
    <name>table_cell</name>
    <pose>Unspecified</pose>
    <truncated>0</truncated>
    <difficult>0</difficult>
    <bndbox>
      <xmin>257</xmin>
      <ymin>37</ymin>
      <xmax>339</xmax>
      <ymax>52</ymax>
    </bndbox>
  </object>
  <object>
    <name>table_cell</name>
    <pose>Unspecified</pose>
    <truncated>0</truncated>
    <difficult>0</difficult>
    <bndbox>
      <xmin>7</xmin>
      <ymin>38</ymin>
      <xmax>60</xmax>
      <ymax>52</ymax>
    </bndbox>
  </object>
  <object>
    <name>table_cell</name>
    <pose>Unspecified</pose>
    <truncated>0</truncated>
    <difficult>0</difficult>
    <bndbox>
      <xmin>103</xmin>
      <ymin>38</ymin>
      <xmax>215</xmax>
      <ymax>52</ymax>
    </bndbox>
  </object>
  <object>
    <name>table_cell</name>
    <pose>Unspecified</pose>
    <truncated>0</truncated>
    <difficult>0</difficult>
    <bndbox>
      <xmin>234</xmin>
      <ymin>38</ymin>
      <xmax>242</xmax>
      <ymax>49</ymax>
    </bndbox>
  </object>
  <object>
    <name>table_cell</name>
    <pose>Unspecified</pose>
    <truncated>0</truncated>
    <difficult>0</difficult>
    <bndbox>
      <xmin>103</xmin>
      <ymin>63</ymin>
      <xmax>201</xmax>
      <ymax>82</ymax>
    </bndbox>
  </object>
  <object>
    <name>table_cell</name>
    <pose>Unspecified</pose>
    <truncated>0</truncated>
    <difficult>0</difficult>
    <bndbox>
      <xmin>7</xmin>
      <ymin>66</ymin>
      <xmax>60</xmax>
      <ymax>80</ymax>
    </bndbox>
  </object>
  <object>
    <name>table_cell</name>
    <pose>Unspecified</pose>
    <truncated>0</truncated>
    <difficult>0</difficult>
    <bndbox>
      <xmin>234</xmin>
      <ymin>66</ymin>
      <xmax>242</xmax>
      <ymax>77</ymax>
    </bndbox>
  </object>
  <object>
    <name>table_cell</name>
    <pose>Unspecified</pose>
    <truncated>0</truncated>
    <difficult>0</difficult>
    <bndbox>
      <xmin>258</xmin>
      <ymin>66</ymin>
      <xmax>344</xmax>
      <ymax>80</ymax>
    </bndbox>
  </object>
  <object>
    <name>table_cell</name>
    <pose>Unspecified</pose>
    <truncated>0</truncated>
    <difficult>0</difficult>
    <bndbox>
      <xmin>6</xmin>
      <ymin>94</ymin>
      <xmax>60</xmax>
      <ymax>108</ymax>
    </bndbox>
  </object>
  <object>
    <name>table_cell</name>
    <pose>Unspecified</pose>
    <truncated>0</truncated>
    <difficult>0</difficult>
    <bndbox>
      <xmin>103</xmin>
      <ymin>94</ymin>
      <xmax>165</xmax>
      <ymax>108</ymax>
    </bndbox>
  </object>
  <object>
    <name>table_cell</name>
    <pose>Unspecified</pose>
    <truncated>0</truncated>
    <difficult>0</difficult>
    <bndbox>
      <xmin>234</xmin>
      <ymin>94</ymin>
      <xmax>243</xmax>
      <ymax>105</ymax>
    </bndbox>
  </object>
  <object>
    <name>table_cell</name>
    <pose>Unspecified</pose>
    <truncated>0</truncated>
    <difficult>0</difficult>
    <bndbox>
      <xmin>258</xmin>
      <ymin>94</ymin>
      <xmax>355</xmax>
      <ymax>105</ymax>
    </bndbox>
  </object>
  <object>
    <name>table_cell</name>
    <pose>Unspecified</pose>
    <truncated>0</truncated>
    <difficult>0</difficult>
    <bndbox>
      <xmin>7</xmin>
      <ymin>121</ymin>
      <xmax>60</xmax>
      <ymax>135</ymax>
    </bndbox>
  </object>
  <object>
    <name>table_cell</name>
    <pose>Unspecified</pose>
    <truncated>0</truncated>
    <difficult>0</difficult>
    <bndbox>
      <xmin>102</xmin>
      <ymin>121</ymin>
      <xmax>217</xmax>
      <ymax>132</ymax>
    </bndbox>
  </object>
  <object>
    <name>table_cell</name>
    <pose>Unspecified</pose>
    <truncated>0</truncated>
    <difficult>0</difficult>
    <bndbox>
      <xmin>234</xmin>
      <ymin>121</ymin>
      <xmax>242</xmax>
      <ymax>132</ymax>
    </bndbox>
  </object>
  <object>
    <name>table_cell</name>
    <pose>Unspecified</pose>
    <truncated>0</truncated>
    <difficult>0</difficult>
    <bndbox>
      <xmin>258</xmin>
      <ymin>121</ymin>
      <xmax>344</xmax>
      <ymax>135</ymax>
    </bndbox>
  </object>
  <object>
    <name>table_cell</name>
    <pose>Unspecified</pose>
    <truncated>0</truncated>
    <difficult>0</difficult>
    <bndbox>
      <xmin>7</xmin>
      <ymin>147</ymin>
      <xmax>60</xmax>
      <ymax>161</ymax>
    </bndbox>
  </object>
  <object>
    <name>table_cell</name>
    <pose>Unspecified</pose>
    <truncated>0</truncated>
    <difficult>0</difficult>
    <bndbox>
      <xmin>103</xmin>
      <ymin>147</ymin>
      <xmax>215</xmax>
      <ymax>161</ymax>
    </bndbox>
  </object>
  <object>
    <name>table_cell</name>
    <pose>Unspecified</pose>
    <truncated>0</truncated>
    <difficult>0</difficult>
    <bndbox>
      <xmin>234</xmin>
      <ymin>147</ymin>
      <xmax>242</xmax>
      <ymax>158</ymax>
    </bndbox>
  </object>
  <object>
    <name>table_cell</name>
    <pose>Unspecified</pose>
    <truncated>0</truncated>
    <difficult>0</difficult>
    <bndbox>
      <xmin>257</xmin>
      <ymin>147</ymin>
      <xmax>351</xmax>
      <ymax>161</ymax>
    </bndbox>
  </object>
  <object>
    <name>table_cell</name>
    <pose>Unspecified</pose>
    <truncated>0</truncated>
    <difficult>0</difficult>
    <bndbox>
      <xmin>7</xmin>
      <ymin>174</ymin>
      <xmax>60</xmax>
      <ymax>188</ymax>
    </bndbox>
  </object>
  <object>
    <name>table_cell</name>
    <pose>Unspecified</pose>
    <truncated>0</truncated>
    <difficult>0</difficult>
    <bndbox>
      <xmin>103</xmin>
      <ymin>174</ymin>
      <xmax>165</xmax>
      <ymax>188</ymax>
    </bndbox>
  </object>
  <object>
    <name>table_cell</name>
    <pose>Unspecified</pose>
    <truncated>0</truncated>
    <difficult>0</difficult>
    <bndbox>
      <xmin>234</xmin>
      <ymin>174</ymin>
      <xmax>242</xmax>
      <ymax>185</ymax>
    </bndbox>
  </object>
  <object>
    <name>table_cell</name>
    <pose>Unspecified</pose>
    <truncated>0</truncated>
    <difficult>0</difficult>
    <bndbox>
      <xmin>257</xmin>
      <ymin>174</ymin>
      <xmax>377</xmax>
      <ymax>188</ymax>
    </bndbox>
  </object>
</annotation>
