<annotation>
  <folder>images</folder>
  <filename>20151130162407335_5</filename>
  <path>E:\TableBank-Recognition\Recognition\images</path>
  <source>
    <database>Unknown</database>
  </source>
  <size>
    <width>631</width>
    <height>249</height>
    <depth>3</depth>
  </size>
  <segmented>0</segmented>
  <object>
    <name>table_cell</name>
    <pose>Unspecified</pose>
    <truncated>0</truncated>
    <difficult>0</difficult>
    <bndbox>
      <xmin>43</xmin>
      <ymin>11</ymin>
      <xmax>76</xmax>
      <ymax>20</ymax>
    </bndbox>
  </object>
  <object>
    <name>table_cell</name>
    <pose>Unspecified</pose>
    <truncated>0</truncated>
    <difficult>0</difficult>
    <bndbox>
      <xmin>178</xmin>
      <ymin>3</ymin>
      <xmax>228</xmax>
      <ymax>31</ymax>
    </bndbox>
  </object>
  <object>
    <name>table_cell</name>
    <pose>Unspecified</pose>
    <truncated>0</truncated>
    <difficult>0</difficult>
    <bndbox>
      <xmin>247</xmin>
      <ymin>3</ymin>
      <xmax>295</xmax>
      <ymax>31</ymax>
    </bndbox>
  </object>
  <object>
    <name>table_cell</name>
    <pose>Unspecified</pose>
    <truncated>0</truncated>
    <difficult>0</difficult>
    <bndbox>
      <xmin>314</xmin>
      <ymin>11</ymin>
      <xmax>375</xmax>
      <ymax>23</ymax>
    </bndbox>
  </object>
  <object>
    <name>table_cell</name>
    <pose>Unspecified</pose>
    <truncated>0</truncated>
    <difficult>0</difficult>
    <bndbox>
      <xmin>416</xmin>
      <ymin>11</ymin>
      <xmax>469</xmax>
      <ymax>20</ymax>
    </bndbox>
  </object>
  <object>
    <name>table_cell</name>
    <pose>Unspecified</pose>
    <truncated>0</truncated>
    <difficult>0</difficult>
    <bndbox>
      <xmin>522</xmin>
      <ymin>3</ymin>
      <xmax>538</xmax>
      <ymax>28</ymax>
    </bndbox>
  </object>
  <object>
    <name>table_cell</name>
    <pose>Unspecified</pose>
    <truncated>0</truncated>
    <difficult>0</difficult>
    <bndbox>
      <xmin>558</xmin>
      <ymin>11</ymin>
      <xmax>611</xmax>
      <ymax>23</ymax>
    </bndbox>
  </object>
  <object>
    <name>table_cell</name>
    <pose>Unspecified</pose>
    <truncated>0</truncated>
    <difficult>0</difficult>
    <bndbox>
      <xmin>9</xmin>
      <ymin>53</ymin>
      <xmax>13</xmax>
      <ymax>63</ymax>
    </bndbox>
  </object>
  <object>
    <name>table_cell</name>
    <pose>Unspecified</pose>
    <truncated>0</truncated>
    <difficult>0</difficult>
    <bndbox>
      <xmin>41</xmin>
      <ymin>53</ymin>
      <xmax>140</xmax>
      <ymax>66</ymax>
    </bndbox>
  </object>
  <object>
    <name>table_cell</name>
    <pose>Unspecified</pose>
    <truncated>0</truncated>
    <difficult>0</difficult>
    <bndbox>
      <xmin>179</xmin>
      <ymin>53</ymin>
      <xmax>223</xmax>
      <ymax>65</ymax>
    </bndbox>
  </object>
  <object>
    <name>table_cell</name>
    <pose>Unspecified</pose>
    <truncated>0</truncated>
    <difficult>0</difficult>
    <bndbox>
      <xmin>248</xmin>
      <ymin>53</ymin>
      <xmax>284</xmax>
      <ymax>63</ymax>
    </bndbox>
  </object>
  <object>
    <name>table_cell</name>
    <pose>Unspecified</pose>
    <truncated>0</truncated>
    <difficult>0</difficult>
    <bndbox>
      <xmin>314</xmin>
      <ymin>53</ymin>
      <xmax>381</xmax>
      <ymax>66</ymax>
    </bndbox>
  </object>
  <object>
    <name>table_cell</name>
    <pose>Unspecified</pose>
    <truncated>0</truncated>
    <difficult>0</difficult>
    <bndbox>
      <xmin>414</xmin>
      <ymin>53</ymin>
      <xmax>482</xmax>
      <ymax>66</ymax>
    </bndbox>
  </object>
  <object>
    <name>table_cell</name>
    <pose>Unspecified</pose>
    <truncated>0</truncated>
    <difficult>0</difficult>
    <bndbox>
      <xmin>521</xmin>
      <ymin>53</ymin>
      <xmax>537</xmax>
      <ymax>63</ymax>
    </bndbox>
  </object>
  <object>
    <name>table_cell</name>
    <pose>Unspecified</pose>
    <truncated>0</truncated>
    <difficult>0</difficult>
    <bndbox>
      <xmin>558</xmin>
      <ymin>35</ymin>
      <xmax>615</xmax>
      <ymax>81</ymax>
    </bndbox>
  </object>
  <object>
    <name>table_cell</name>
    <pose>Unspecified</pose>
    <truncated>0</truncated>
    <difficult>0</difficult>
    <bndbox>
      <xmin>8</xmin>
      <ymin>98</ymin>
      <xmax>15</xmax>
      <ymax>108</ymax>
    </bndbox>
  </object>
  <object>
    <name>table_cell</name>
    <pose>Unspecified</pose>
    <truncated>0</truncated>
    <difficult>0</difficult>
    <bndbox>
      <xmin>41</xmin>
      <ymin>98</ymin>
      <xmax>150</xmax>
      <ymax>108</ymax>
    </bndbox>
  </object>
  <object>
    <name>table_cell</name>
    <pose>Unspecified</pose>
    <truncated>0</truncated>
    <difficult>0</difficult>
    <bndbox>
      <xmin>178</xmin>
      <ymin>98</ymin>
      <xmax>215</xmax>
      <ymax>110</ymax>
    </bndbox>
  </object>
  <object>
    <name>table_cell</name>
    <pose>Unspecified</pose>
    <truncated>0</truncated>
    <difficult>0</difficult>
    <bndbox>
      <xmin>247</xmin>
      <ymin>107</ymin>
      <xmax>284</xmax>
      <ymax>117</ymax>
    </bndbox>
  </object>
  <object>
    <name>table_cell</name>
    <pose>Unspecified</pose>
    <truncated>0</truncated>
    <difficult>0</difficult>
    <bndbox>
      <xmin>315</xmin>
      <ymin>107</ymin>
      <xmax>383</xmax>
      <ymax>117</ymax>
    </bndbox>
  </object>
  <object>
    <name>table_cell</name>
    <pose>Unspecified</pose>
    <truncated>0</truncated>
    <difficult>0</difficult>
    <bndbox>
      <xmin>414</xmin>
      <ymin>98</ymin>
      <xmax>466</xmax>
      <ymax>108</ymax>
    </bndbox>
  </object>
  <object>
    <name>table_cell</name>
    <pose>Unspecified</pose>
    <truncated>0</truncated>
    <difficult>0</difficult>
    <bndbox>
      <xmin>521</xmin>
      <ymin>98</ymin>
      <xmax>535</xmax>
      <ymax>108</ymax>
    </bndbox>
  </object>
  <object>
    <name>table_cell</name>
    <pose>Unspecified</pose>
    <truncated>0</truncated>
    <difficult>0</difficult>
    <bndbox>
      <xmin>558</xmin>
      <ymin>90</ymin>
      <xmax>617</xmax>
      <ymax>117</ymax>
    </bndbox>
  </object>
  <object>
    <name>table_cell</name>
    <pose>Unspecified</pose>
    <truncated>0</truncated>
    <difficult>0</difficult>
    <bndbox>
      <xmin>9</xmin>
      <ymin>144</ymin>
      <xmax>15</xmax>
      <ymax>154</ymax>
    </bndbox>
  </object>
  <object>
    <name>table_cell</name>
    <pose>Unspecified</pose>
    <truncated>0</truncated>
    <difficult>0</difficult>
    <bndbox>
      <xmin>41</xmin>
      <ymin>135</ymin>
      <xmax>118</xmax>
      <ymax>162</ymax>
    </bndbox>
  </object>
  <object>
    <name>table_cell</name>
    <pose>Unspecified</pose>
    <truncated>0</truncated>
    <difficult>0</difficult>
    <bndbox>
      <xmin>178</xmin>
      <ymin>144</ymin>
      <xmax>215</xmax>
      <ymax>156</ymax>
    </bndbox>
  </object>
  <object>
    <name>table_cell</name>
    <pose>Unspecified</pose>
    <truncated>0</truncated>
    <difficult>0</difficult>
    <bndbox>
      <xmin>248</xmin>
      <ymin>144</ymin>
      <xmax>284</xmax>
      <ymax>154</ymax>
    </bndbox>
  </object>
  <object>
    <name>table_cell</name>
    <pose>Unspecified</pose>
    <truncated>0</truncated>
    <difficult>0</difficult>
    <bndbox>
      <xmin>314</xmin>
      <ymin>144</ymin>
      <xmax>371</xmax>
      <ymax>157</ymax>
    </bndbox>
  </object>
  <object>
    <name>table_cell</name>
    <pose>Unspecified</pose>
    <truncated>0</truncated>
    <difficult>0</difficult>
    <bndbox>
      <xmin>414</xmin>
      <ymin>144</ymin>
      <xmax>466</xmax>
      <ymax>154</ymax>
    </bndbox>
  </object>
  <object>
    <name>table_cell</name>
    <pose>Unspecified</pose>
    <truncated>0</truncated>
    <difficult>0</difficult>
    <bndbox>
      <xmin>521</xmin>
      <ymin>144</ymin>
      <xmax>537</xmax>
      <ymax>154</ymax>
    </bndbox>
  </object>
  <object>
    <name>table_cell</name>
    <pose>Unspecified</pose>
    <truncated>0</truncated>
    <difficult>0</difficult>
    <bndbox>
      <xmin>557</xmin>
      <ymin>126</ymin>
      <xmax>598</xmax>
      <ymax>174</ymax>
    </bndbox>
  </object>
  <object>
    <name>table_cell</name>
    <pose>Unspecified</pose>
    <truncated>0</truncated>
    <difficult>0</difficult>
    <bndbox>
      <xmin>8</xmin>
      <ymin>189</ymin>
      <xmax>15</xmax>
      <ymax>199</ymax>
    </bndbox>
  </object>
  <object>
    <name>table_cell</name>
    <pose>Unspecified</pose>
    <truncated>0</truncated>
    <difficult>0</difficult>
    <bndbox>
      <xmin>41</xmin>
      <ymin>189</ymin>
      <xmax>121</xmax>
      <ymax>199</ymax>
    </bndbox>
  </object>
  <object>
    <name>table_cell</name>
    <pose>Unspecified</pose>
    <truncated>0</truncated>
    <difficult>0</difficult>
    <bndbox>
      <xmin>179</xmin>
      <ymin>189</ymin>
      <xmax>223</xmax>
      <ymax>201</ymax>
    </bndbox>
  </object>
  <object>
    <name>table_cell</name>
    <pose>Unspecified</pose>
    <truncated>0</truncated>
    <difficult>0</difficult>
    <bndbox>
      <xmin>247</xmin>
      <ymin>189</ymin>
      <xmax>284</xmax>
      <ymax>199</ymax>
    </bndbox>
  </object>
  <object>
    <name>table_cell</name>
    <pose>Unspecified</pose>
    <truncated>0</truncated>
    <difficult>0</difficult>
    <bndbox>
      <xmin>314</xmin>
      <ymin>180</ymin>
      <xmax>395</xmax>
      <ymax>208</ymax>
    </bndbox>
  </object>
  <object>
    <name>table_cell</name>
    <pose>Unspecified</pose>
    <truncated>0</truncated>
    <difficult>0</difficult>
    <bndbox>
      <xmin>414</xmin>
      <ymin>189</ymin>
      <xmax>482</xmax>
      <ymax>202</ymax>
    </bndbox>
  </object>
  <object>
    <name>table_cell</name>
    <pose>Unspecified</pose>
    <truncated>0</truncated>
    <difficult>0</difficult>
    <bndbox>
      <xmin>522</xmin>
      <ymin>189</ymin>
      <xmax>537</xmax>
      <ymax>199</ymax>
    </bndbox>
  </object>
  <object>
    <name>table_cell</name>
    <pose>Unspecified</pose>
    <truncated>0</truncated>
    <difficult>0</difficult>
    <bndbox>
      <xmin>558</xmin>
      <ymin>180</ymin>
      <xmax>598</xmax>
      <ymax>208</ymax>
    </bndbox>
  </object>
  <object>
    <name>table_cell</name>
    <pose>Unspecified</pose>
    <truncated>0</truncated>
    <difficult>0</difficult>
    <bndbox>
      <xmin>9</xmin>
      <ymin>225</ymin>
      <xmax>15</xmax>
      <ymax>235</ymax>
    </bndbox>
  </object>
  <object>
    <name>table_cell</name>
    <pose>Unspecified</pose>
    <truncated>0</truncated>
    <difficult>0</difficult>
    <bndbox>
      <xmin>41</xmin>
      <ymin>225</ymin>
      <xmax>119</xmax>
      <ymax>235</ymax>
    </bndbox>
  </object>
  <object>
    <name>table_cell</name>
    <pose>Unspecified</pose>
    <truncated>0</truncated>
    <difficult>0</difficult>
    <bndbox>
      <xmin>182</xmin>
      <ymin>217</ymin>
      <xmax>227</xmax>
      <ymax>229</ymax>
    </bndbox>
  </object>
  <object>
    <name>table_cell</name>
    <pose>Unspecified</pose>
    <truncated>0</truncated>
    <difficult>0</difficult>
    <bndbox>
      <xmin>247</xmin>
      <ymin>225</ymin>
      <xmax>284</xmax>
      <ymax>235</ymax>
    </bndbox>
  </object>
  <object>
    <name>table_cell</name>
    <pose>Unspecified</pose>
    <truncated>0</truncated>
    <difficult>0</difficult>
    <bndbox>
      <xmin>314</xmin>
      <ymin>225</ymin>
      <xmax>372</xmax>
      <ymax>235</ymax>
    </bndbox>
  </object>
  <object>
    <name>table_cell</name>
    <pose>Unspecified</pose>
    <truncated>0</truncated>
    <difficult>0</difficult>
    <bndbox>
      <xmin>414</xmin>
      <ymin>225</ymin>
      <xmax>466</xmax>
      <ymax>235</ymax>
    </bndbox>
  </object>
  <object>
    <name>table_cell</name>
    <pose>Unspecified</pose>
    <truncated>0</truncated>
    <difficult>0</difficult>
    <bndbox>
      <xmin>522</xmin>
      <ymin>225</ymin>
      <xmax>535</xmax>
      <ymax>235</ymax>
    </bndbox>
  </object>
  <object>
    <name>table_cell</name>
    <pose>Unspecified</pose>
    <truncated>0</truncated>
    <difficult>0</difficult>
    <bndbox>
      <xmin>558</xmin>
      <ymin>225</ymin>
      <xmax>600</xmax>
      <ymax>235</ymax>
    </bndbox>
  </object>
</annotation>
