<annotation>
  <folder>images</folder>
  <filename>2015_ALSWH%20MRJ%20Final_1.png</filename>
  <path>E:\TableBank-Recognition\Recognition\images</path>
  <source>
    <database>Unknown</database>
  </source>
  <size>
    <width>613</width>
    <height>200</height>
    <depth>3</depth>
  </size>
  <segmented>0</segmented>
  <object>
    <name>table_cell</name>
    <pose>Unspecified</pose>
    <truncated>0</truncated>
    <difficult>0</difficult>
    <bndbox>
      <xmin>300</xmin>
      <ymin>8</ymin>
      <xmax>440</xmax>
      <ymax>24</ymax>
    </bndbox>
  </object>
  <object>
    <name>table_cell</name>
    <pose>Unspecified</pose>
    <truncated>0</truncated>
    <difficult>0</difficult>
    <bndbox>
      <xmin>6</xmin>
      <ymin>37</ymin>
      <xmax>76</xmax>
      <ymax>50</ymax>
    </bndbox>
  </object>
  <object>
    <name>table_cell</name>
    <pose>Unspecified</pose>
    <truncated>0</truncated>
    <difficult>0</difficult>
    <bndbox>
      <xmin>146</xmin>
      <ymin>37</ymin>
      <xmax>262</xmax>
      <ymax>50</ymax>
    </bndbox>
  </object>
  <object>
    <name>table_cell</name>
    <pose>Unspecified</pose>
    <truncated>0</truncated>
    <difficult>0</difficult>
    <bndbox>
      <xmin>380</xmin>
      <ymin>37</ymin>
      <xmax>520</xmax>
      <ymax>51</ymax>
    </bndbox>
  </object>
  <object>
    <name>table_cell</name>
    <pose>Unspecified</pose>
    <truncated>0</truncated>
    <difficult>0</difficult>
    <bndbox>
      <xmin>0</xmin>
      <ymin>66</ymin>
      <xmax>57</xmax>
      <ymax>79</ymax>
    </bndbox>
  </object>
  <object>
    <name>table_cell</name>
    <pose>Unspecified</pose>
    <truncated>0</truncated>
    <difficult>0</difficult>
    <bndbox>
      <xmin>194</xmin>
      <ymin>67</ymin>
      <xmax>215</xmax>
      <ymax>79</ymax>
    </bndbox>
  </object>
  <object>
    <name>table_cell</name>
    <pose>Unspecified</pose>
    <truncated>0</truncated>
    <difficult>0</difficult>
    <bndbox>
      <xmin>440</xmin>
      <ymin>67</ymin>
      <xmax>460</xmax>
      <ymax>79</ymax>
    </bndbox>
  </object>
  <object>
    <name>table_cell</name>
    <pose>Unspecified</pose>
    <truncated>0</truncated>
    <difficult>0</difficult>
    <bndbox>
      <xmin>6</xmin>
      <ymin>96</ymin>
      <xmax>99</xmax>
      <ymax>108</ymax>
    </bndbox>
  </object>
  <object>
    <name>table_cell</name>
    <pose>Unspecified</pose>
    <truncated>0</truncated>
    <difficult>0</difficult>
    <bndbox>
      <xmin>190</xmin>
      <ymin>96</ymin>
      <xmax>219</xmax>
      <ymax>108</ymax>
    </bndbox>
  </object>
  <object>
    <name>table_cell</name>
    <pose>Unspecified</pose>
    <truncated>0</truncated>
    <difficult>0</difficult>
    <bndbox>
      <xmin>439</xmin>
      <ymin>96</ymin>
      <xmax>461</xmax>
      <ymax>108</ymax>
    </bndbox>
  </object>
  <object>
    <name>table_cell</name>
    <pose>Unspecified</pose>
    <truncated>0</truncated>
    <difficult>0</difficult>
    <bndbox>
      <xmin>6</xmin>
      <ymin>123</ymin>
      <xmax>97</xmax>
      <ymax>136</ymax>
    </bndbox>
  </object>
  <object>
    <name>table_cell</name>
    <pose>Unspecified</pose>
    <truncated>0</truncated>
    <difficult>0</difficult>
    <bndbox>
      <xmin>190</xmin>
      <ymin>124</ymin>
      <xmax>219</xmax>
      <ymax>136</ymax>
    </bndbox>
  </object>
  <object>
    <name>table_cell</name>
    <pose>Unspecified</pose>
    <truncated>0</truncated>
    <difficult>0</difficult>
    <bndbox>
      <xmin>440</xmin>
      <ymin>124</ymin>
      <xmax>461</xmax>
      <ymax>136</ymax>
    </bndbox>
  </object>
  <object>
    <name>table_cell</name>
    <pose>Unspecified</pose>
    <truncated>0</truncated>
    <difficult>0</difficult>
    <bndbox>
      <xmin>0</xmin>
      <ymin>151</ymin>
      <xmax>48</xmax>
      <ymax>164</ymax>
    </bndbox>
  </object>
  <object>
    <name>table_cell</name>
    <pose>Unspecified</pose>
    <truncated>0</truncated>
    <difficult>0</difficult>
    <bndbox>
      <xmin>190</xmin>
      <ymin>152</ymin>
      <xmax>218</xmax>
      <ymax>164</ymax>
    </bndbox>
  </object>
  <object>
    <name>table_cell</name>
    <pose>Unspecified</pose>
    <truncated>0</truncated>
    <difficult>0</difficult>
    <bndbox>
      <xmin>440</xmin>
      <ymin>152</ymin>
      <xmax>460</xmax>
      <ymax>164</ymax>
    </bndbox>
  </object>
  <object>
    <name>table_cell</name>
    <pose>Unspecified</pose>
    <truncated>0</truncated>
    <difficult>0</difficult>
    <bndbox>
      <xmin>6</xmin>
      <ymin>180</ymin>
      <xmax>65</xmax>
      <ymax>192</ymax>
    </bndbox>
  </object>
  <object>
    <name>table_cell</name>
    <pose>Unspecified</pose>
    <truncated>0</truncated>
    <difficult>0</difficult>
    <bndbox>
      <xmin>190</xmin>
      <ymin>180</ymin>
      <xmax>219</xmax>
      <ymax>192</ymax>
    </bndbox>
  </object>
  <object>
    <name>table_cell</name>
    <pose>Unspecified</pose>
    <truncated>0</truncated>
    <difficult>0</difficult>
    <bndbox>
      <xmin>440</xmin>
      <ymin>180</ymin>
      <xmax>461</xmax>
      <ymax>192</ymax>
    </bndbox>
  </object>
</annotation>
