<annotation>
  <folder>images</folder>
  <filename>20160519115731376_1</filename>
  <path>E:\TableBank-Recognition\Recognition\images</path>
  <source>
    <database>Unknown</database>
  </source>
  <size>
    <width>637</width>
    <height>625</height>
    <depth>3</depth>
  </size>
  <segmented>0</segmented>
  <object>
    <name>table_cell</name>
    <pose>Unspecified</pose>
    <truncated>0</truncated>
    <difficult>0</difficult>
    <bndbox>
      <xmin>26</xmin>
      <ymin>39</ymin>
      <xmax>61</xmax>
      <ymax>57</ymax>
    </bndbox>
  </object>
  <object>
    <name>table_cell</name>
    <pose>Unspecified</pose>
    <truncated>0</truncated>
    <difficult>0</difficult>
    <bndbox>
      <xmin>139</xmin>
      <ymin>39</ymin>
      <xmax>186</xmax>
      <ymax>57</ymax>
    </bndbox>
  </object>
  <object>
    <name>table_cell</name>
    <pose>Unspecified</pose>
    <truncated>0</truncated>
    <difficult>0</difficult>
    <bndbox>
      <xmin>339</xmin>
      <ymin>39</ymin>
      <xmax>386</xmax>
      <ymax>57</ymax>
    </bndbox>
  </object>
  <object>
    <name>table_cell</name>
    <pose>Unspecified</pose>
    <truncated>0</truncated>
    <difficult>0</difficult>
    <bndbox>
      <xmin>508</xmin>
      <ymin>17</ymin>
      <xmax>530</xmax>
      <ymax>79</ymax>
    </bndbox>
  </object>
  <object>
    <name>table_cell</name>
    <pose>Unspecified</pose>
    <truncated>0</truncated>
    <difficult>0</difficult>
    <bndbox>
      <xmin>583</xmin>
      <ymin>17</ymin>
      <xmax>605</xmax>
      <ymax>79</ymax>
    </bndbox>
  </object>
  <object>
    <name>table_cell</name>
    <pose>Unspecified</pose>
    <truncated>0</truncated>
    <difficult>0</difficult>
    <bndbox>
      <xmin>26</xmin>
      <ymin>105</ymin>
      <xmax>61</xmax>
      <ymax>123</ymax>
    </bndbox>
  </object>
  <object>
    <name>table_cell</name>
    <pose>Unspecified</pose>
    <truncated>0</truncated>
    <difficult>0</difficult>
    <bndbox>
      <xmin>91</xmin>
      <ymin>104</ymin>
      <xmax>233</xmax>
      <ymax>119</ymax>
    </bndbox>
  </object>
  <object>
    <name>table_cell</name>
    <pose>Unspecified</pose>
    <truncated>0</truncated>
    <difficult>0</difficult>
    <bndbox>
      <xmin>241</xmin>
      <ymin>132</ymin>
      <xmax>484</xmax>
      <ymax>185</ymax>
    </bndbox>
  </object>
  <object>
    <name>table_cell</name>
    <pose>Unspecified</pose>
    <truncated>0</truncated>
    <difficult>0</difficult>
    <bndbox>
      <xmin>501</xmin>
      <ymin>149</ymin>
      <xmax>536</xmax>
      <ymax>164</ymax>
    </bndbox>
  </object>
  <object>
    <name>table_cell</name>
    <pose>Unspecified</pose>
    <truncated>0</truncated>
    <difficult>0</difficult>
    <bndbox>
      <xmin>567</xmin>
      <ymin>104</ymin>
      <xmax>621</xmax>
      <ymax>119</ymax>
    </bndbox>
  </object>
  <object>
    <name>table_cell</name>
    <pose>Unspecified</pose>
    <truncated>0</truncated>
    <difficult>0</difficult>
    <bndbox>
      <xmin>26</xmin>
      <ymin>150</ymin>
      <xmax>61</xmax>
      <ymax>168</ymax>
    </bndbox>
  </object>
  <object>
    <name>table_cell</name>
    <pose>Unspecified</pose>
    <truncated>0</truncated>
    <difficult>0</difficult>
    <bndbox>
      <xmin>91</xmin>
      <ymin>149</ymin>
      <xmax>233</xmax>
      <ymax>164</ymax>
    </bndbox>
  </object>
  <object>
    <name>table_cell</name>
    <pose>Unspecified</pose>
    <truncated>0</truncated>
    <difficult>0</difficult>
    <bndbox>
      <xmin>567</xmin>
      <ymin>149</ymin>
      <xmax>621</xmax>
      <ymax>164</ymax>
    </bndbox>
  </object>
  <object>
    <name>table_cell</name>
    <pose>Unspecified</pose>
    <truncated>0</truncated>
    <difficult>0</difficult>
    <bndbox>
      <xmin>26</xmin>
      <ymin>195</ymin>
      <xmax>61</xmax>
      <ymax>213</ymax>
    </bndbox>
  </object>
  <object>
    <name>table_cell</name>
    <pose>Unspecified</pose>
    <truncated>0</truncated>
    <difficult>0</difficult>
    <bndbox>
      <xmin>91</xmin>
      <ymin>194</ymin>
      <xmax>233</xmax>
      <ymax>209</ymax>
    </bndbox>
  </object>
  <object>
    <name>table_cell</name>
    <pose>Unspecified</pose>
    <truncated>0</truncated>
    <difficult>0</difficult>
    <bndbox>
      <xmin>567</xmin>
      <ymin>195</ymin>
      <xmax>622</xmax>
      <ymax>209</ymax>
    </bndbox>
  </object>
  <object>
    <name>table_cell</name>
    <pose>Unspecified</pose>
    <truncated>0</truncated>
    <difficult>0</difficult>
    <bndbox>
      <xmin>26</xmin>
      <ymin>240</ymin>
      <xmax>61</xmax>
      <ymax>258</ymax>
    </bndbox>
  </object>
  <object>
    <name>table_cell</name>
    <pose>Unspecified</pose>
    <truncated>0</truncated>
    <difficult>0</difficult>
    <bndbox>
      <xmin>91</xmin>
      <ymin>239</ymin>
      <xmax>233</xmax>
      <ymax>254</ymax>
    </bndbox>
  </object>
  <object>
    <name>table_cell</name>
    <pose>Unspecified</pose>
    <truncated>0</truncated>
    <difficult>0</difficult>
    <bndbox>
      <xmin>240</xmin>
      <ymin>277</ymin>
      <xmax>486</xmax>
      <ymax>308</ymax>
    </bndbox>
  </object>
  <object>
    <name>table_cell</name>
    <pose>Unspecified</pose>
    <truncated>0</truncated>
    <difficult>0</difficult>
    <bndbox>
      <xmin>501</xmin>
      <ymin>283</ymin>
      <xmax>536</xmax>
      <ymax>298</ymax>
    </bndbox>
  </object>
  <object>
    <name>table_cell</name>
    <pose>Unspecified</pose>
    <truncated>0</truncated>
    <difficult>0</difficult>
    <bndbox>
      <xmin>576</xmin>
      <ymin>239</ymin>
      <xmax>612</xmax>
      <ymax>254</ymax>
    </bndbox>
  </object>
  <object>
    <name>table_cell</name>
    <pose>Unspecified</pose>
    <truncated>0</truncated>
    <difficult>0</difficult>
    <bndbox>
      <xmin>26</xmin>
      <ymin>284</ymin>
      <xmax>61</xmax>
      <ymax>302</ymax>
    </bndbox>
  </object>
  <object>
    <name>table_cell</name>
    <pose>Unspecified</pose>
    <truncated>0</truncated>
    <difficult>0</difficult>
    <bndbox>
      <xmin>91</xmin>
      <ymin>283</ymin>
      <xmax>233</xmax>
      <ymax>298</ymax>
    </bndbox>
  </object>
  <object>
    <name>table_cell</name>
    <pose>Unspecified</pose>
    <truncated>0</truncated>
    <difficult>0</difficult>
    <bndbox>
      <xmin>567</xmin>
      <ymin>283</ymin>
      <xmax>622</xmax>
      <ymax>298</ymax>
    </bndbox>
  </object>
  <object>
    <name>table_cell</name>
    <pose>Unspecified</pose>
    <truncated>0</truncated>
    <difficult>0</difficult>
    <bndbox>
      <xmin>33</xmin>
      <ymin>329</ymin>
      <xmax>55</xmax>
      <ymax>347</ymax>
    </bndbox>
  </object>
  <object>
    <name>table_cell</name>
    <pose>Unspecified</pose>
    <truncated>0</truncated>
    <difficult>0</difficult>
    <bndbox>
      <xmin>91</xmin>
      <ymin>328</ymin>
      <xmax>233</xmax>
      <ymax>343</ymax>
    </bndbox>
  </object>
  <object>
    <name>table_cell</name>
    <pose>Unspecified</pose>
    <truncated>0</truncated>
    <difficult>0</difficult>
    <bndbox>
      <xmin>567</xmin>
      <ymin>328</ymin>
      <xmax>621</xmax>
      <ymax>343</ymax>
    </bndbox>
  </object>
  <object>
    <name>table_cell</name>
    <pose>Unspecified</pose>
    <truncated>0</truncated>
    <difficult>0</difficult>
    <bndbox>
      <xmin>26</xmin>
      <ymin>374</ymin>
      <xmax>61</xmax>
      <ymax>392</ymax>
    </bndbox>
  </object>
  <object>
    <name>table_cell</name>
    <pose>Unspecified</pose>
    <truncated>0</truncated>
    <difficult>0</difficult>
    <bndbox>
      <xmin>91</xmin>
      <ymin>373</ymin>
      <xmax>233</xmax>
      <ymax>388</ymax>
    </bndbox>
  </object>
  <object>
    <name>table_cell</name>
    <pose>Unspecified</pose>
    <truncated>0</truncated>
    <difficult>0</difficult>
    <bndbox>
      <xmin>240</xmin>
      <ymin>411</ymin>
      <xmax>486</xmax>
      <ymax>442</ymax>
    </bndbox>
  </object>
  <object>
    <name>table_cell</name>
    <pose>Unspecified</pose>
    <truncated>0</truncated>
    <difficult>0</difficult>
    <bndbox>
      <xmin>501</xmin>
      <ymin>417</ymin>
      <xmax>537</xmax>
      <ymax>432</ymax>
    </bndbox>
  </object>
  <object>
    <name>table_cell</name>
    <pose>Unspecified</pose>
    <truncated>0</truncated>
    <difficult>0</difficult>
    <bndbox>
      <xmin>567</xmin>
      <ymin>373</ymin>
      <xmax>621</xmax>
      <ymax>388</ymax>
    </bndbox>
  </object>
  <object>
    <name>table_cell</name>
    <pose>Unspecified</pose>
    <truncated>0</truncated>
    <difficult>0</difficult>
    <bndbox>
      <xmin>26</xmin>
      <ymin>418</ymin>
      <xmax>61</xmax>
      <ymax>436</ymax>
    </bndbox>
  </object>
  <object>
    <name>table_cell</name>
    <pose>Unspecified</pose>
    <truncated>0</truncated>
    <difficult>0</difficult>
    <bndbox>
      <xmin>91</xmin>
      <ymin>417</ymin>
      <xmax>233</xmax>
      <ymax>432</ymax>
    </bndbox>
  </object>
  <object>
    <name>table_cell</name>
    <pose>Unspecified</pose>
    <truncated>0</truncated>
    <difficult>0</difficult>
    <bndbox>
      <xmin>567</xmin>
      <ymin>417</ymin>
      <xmax>621</xmax>
      <ymax>432</ymax>
    </bndbox>
  </object>
  <object>
    <name>table_cell</name>
    <pose>Unspecified</pose>
    <truncated>0</truncated>
    <difficult>0</difficult>
    <bndbox>
      <xmin>26</xmin>
      <ymin>463</ymin>
      <xmax>61</xmax>
      <ymax>481</ymax>
    </bndbox>
  </object>
  <object>
    <name>table_cell</name>
    <pose>Unspecified</pose>
    <truncated>0</truncated>
    <difficult>0</difficult>
    <bndbox>
      <xmin>91</xmin>
      <ymin>462</ymin>
      <xmax>233</xmax>
      <ymax>477</ymax>
    </bndbox>
  </object>
  <object>
    <name>table_cell</name>
    <pose>Unspecified</pose>
    <truncated>0</truncated>
    <difficult>0</difficult>
    <bndbox>
      <xmin>572</xmin>
      <ymin>462</ymin>
      <xmax>614</xmax>
      <ymax>477</ymax>
    </bndbox>
  </object>
  <object>
    <name>table_cell</name>
    <pose>Unspecified</pose>
    <truncated>0</truncated>
    <difficult>0</difficult>
    <bndbox>
      <xmin>26</xmin>
      <ymin>508</ymin>
      <xmax>61</xmax>
      <ymax>526</ymax>
    </bndbox>
  </object>
  <object>
    <name>table_cell</name>
    <pose>Unspecified</pose>
    <truncated>0</truncated>
    <difficult>0</difficult>
    <bndbox>
      <xmin>91</xmin>
      <ymin>507</ymin>
      <xmax>233</xmax>
      <ymax>522</ymax>
    </bndbox>
  </object>
  <object>
    <name>table_cell</name>
    <pose>Unspecified</pose>
    <truncated>0</truncated>
    <difficult>0</difficult>
    <bndbox>
      <xmin>352</xmin>
      <ymin>556</ymin>
      <xmax>373</xmax>
      <ymax>566</ymax>
    </bndbox>
  </object>
  <object>
    <name>table_cell</name>
    <pose>Unspecified</pose>
    <truncated>0</truncated>
    <difficult>0</difficult>
    <bndbox>
      <xmin>501</xmin>
      <ymin>552</ymin>
      <xmax>536</xmax>
      <ymax>567</ymax>
    </bndbox>
  </object>
  <object>
    <name>table_cell</name>
    <pose>Unspecified</pose>
    <truncated>0</truncated>
    <difficult>0</difficult>
    <bndbox>
      <xmin>576</xmin>
      <ymin>507</ymin>
      <xmax>611</xmax>
      <ymax>522</ymax>
    </bndbox>
  </object>
  <object>
    <name>table_cell</name>
    <pose>Unspecified</pose>
    <truncated>0</truncated>
    <difficult>0</difficult>
    <bndbox>
      <xmin>26</xmin>
      <ymin>553</ymin>
      <xmax>61</xmax>
      <ymax>571</ymax>
    </bndbox>
  </object>
  <object>
    <name>table_cell</name>
    <pose>Unspecified</pose>
    <truncated>0</truncated>
    <difficult>0</difficult>
    <bndbox>
      <xmin>91</xmin>
      <ymin>552</ymin>
      <xmax>233</xmax>
      <ymax>567</ymax>
    </bndbox>
  </object>
  <object>
    <name>table_cell</name>
    <pose>Unspecified</pose>
    <truncated>0</truncated>
    <difficult>0</difficult>
    <bndbox>
      <xmin>567</xmin>
      <ymin>552</ymin>
      <xmax>622</xmax>
      <ymax>567</ymax>
    </bndbox>
  </object>
  <object>
    <name>table_cell</name>
    <pose>Unspecified</pose>
    <truncated>0</truncated>
    <difficult>0</difficult>
    <bndbox>
      <xmin>26</xmin>
      <ymin>597</ymin>
      <xmax>61</xmax>
      <ymax>615</ymax>
    </bndbox>
  </object>
  <object>
    <name>table_cell</name>
    <pose>Unspecified</pose>
    <truncated>0</truncated>
    <difficult>0</difficult>
    <bndbox>
      <xmin>91</xmin>
      <ymin>596</ymin>
      <xmax>233</xmax>
      <ymax>611</ymax>
    </bndbox>
  </object>
  <object>
    <name>table_cell</name>
    <pose>Unspecified</pose>
    <truncated>0</truncated>
    <difficult>0</difficult>
    <bndbox>
      <xmin>567</xmin>
      <ymin>596</ymin>
      <xmax>622</xmax>
      <ymax>611</ymax>
    </bndbox>
  </object>
</annotation>
