<annotation>
  <folder>images</folder>
  <filename>freezing_temperature_of_water_1</filename>
  <path>E:\TableBank-Recognition\Recognition\images</path>
  <source>
    <database>Unknown</database>
  </source>
  <size>
    <width>615</width>
    <height>556</height>
    <depth>3</depth>
  </size>
  <segmented>0</segmented>
  <object>
    <name>table_cell</name>
    <pose>Unspecified</pose>
    <truncated>0</truncated>
    <difficult>0</difficult>
    <bndbox>
      <xmin>229</xmin>
      <ymin>4</ymin>
      <xmax>386</xmax>
      <ymax>25</ymax>
    </bndbox>
  </object>
  <object>
    <name>table_cell</name>
    <pose>Unspecified</pose>
    <truncated>0</truncated>
    <difficult>0</difficult>
    <bndbox>
      <xmin>32</xmin>
      <ymin>54</ymin>
      <xmax>121</xmax>
      <ymax>68</ymax>
    </bndbox>
  </object>
  <object>
    <name>table_cell</name>
    <pose>Unspecified</pose>
    <truncated>0</truncated>
    <difficult>0</difficult>
    <bndbox>
      <xmin>167</xmin>
      <ymin>54</ymin>
      <xmax>293</xmax>
      <ymax>68</ymax>
    </bndbox>
  </object>
  <object>
    <name>table_cell</name>
    <pose>Unspecified</pose>
    <truncated>0</truncated>
    <difficult>0</difficult>
    <bndbox>
      <xmin>339</xmin>
      <ymin>54</ymin>
      <xmax>428</xmax>
      <ymax>68</ymax>
    </bndbox>
  </object>
  <object>
    <name>table_cell</name>
    <pose>Unspecified</pose>
    <truncated>0</truncated>
    <difficult>0</difficult>
    <bndbox>
      <xmin>474</xmin>
      <ymin>54</ymin>
      <xmax>601</xmax>
      <ymax>68</ymax>
    </bndbox>
  </object>
  <object>
    <name>table_cell</name>
    <pose>Unspecified</pose>
    <truncated>0</truncated>
    <difficult>0</difficult>
    <bndbox>
      <xmin>9</xmin>
      <ymin>84</ymin>
      <xmax>17</xmax>
      <ymax>96</ymax>
    </bndbox>
  </object>
  <object>
    <name>table_cell</name>
    <pose>Unspecified</pose>
    <truncated>0</truncated>
    <difficult>0</difficult>
    <bndbox>
      <xmin>317</xmin>
      <ymin>84</ymin>
      <xmax>324</xmax>
      <ymax>96</ymax>
    </bndbox>
  </object>
  <object>
    <name>table_cell</name>
    <pose>Unspecified</pose>
    <truncated>0</truncated>
    <difficult>0</difficult>
    <bndbox>
      <xmin>9</xmin>
      <ymin>114</ymin>
      <xmax>33</xmax>
      <ymax>126</ymax>
    </bndbox>
  </object>
  <object>
    <name>table_cell</name>
    <pose>Unspecified</pose>
    <truncated>0</truncated>
    <difficult>0</difficult>
    <bndbox>
      <xmin>317</xmin>
      <ymin>114</ymin>
      <xmax>340</xmax>
      <ymax>126</ymax>
    </bndbox>
  </object>
  <object>
    <name>table_cell</name>
    <pose>Unspecified</pose>
    <truncated>0</truncated>
    <difficult>0</difficult>
    <bndbox>
      <xmin>10</xmin>
      <ymin>145</ymin>
      <xmax>17</xmax>
      <ymax>156</ymax>
    </bndbox>
  </object>
  <object>
    <name>table_cell</name>
    <pose>Unspecified</pose>
    <truncated>0</truncated>
    <difficult>0</difficult>
    <bndbox>
      <xmin>317</xmin>
      <ymin>144</ymin>
      <xmax>324</xmax>
      <ymax>156</ymax>
    </bndbox>
  </object>
  <object>
    <name>table_cell</name>
    <pose>Unspecified</pose>
    <truncated>0</truncated>
    <difficult>0</difficult>
    <bndbox>
      <xmin>10</xmin>
      <ymin>175</ymin>
      <xmax>33</xmax>
      <ymax>186</ymax>
    </bndbox>
  </object>
  <object>
    <name>table_cell</name>
    <pose>Unspecified</pose>
    <truncated>0</truncated>
    <difficult>0</difficult>
    <bndbox>
      <xmin>317</xmin>
      <ymin>174</ymin>
      <xmax>340</xmax>
      <ymax>186</ymax>
    </bndbox>
  </object>
  <object>
    <name>table_cell</name>
    <pose>Unspecified</pose>
    <truncated>0</truncated>
    <difficult>0</difficult>
    <bndbox>
      <xmin>9</xmin>
      <ymin>204</ymin>
      <xmax>17</xmax>
      <ymax>216</ymax>
    </bndbox>
  </object>
  <object>
    <name>table_cell</name>
    <pose>Unspecified</pose>
    <truncated>0</truncated>
    <difficult>0</difficult>
    <bndbox>
      <xmin>317</xmin>
      <ymin>204</ymin>
      <xmax>335</xmax>
      <ymax>216</ymax>
    </bndbox>
  </object>
  <object>
    <name>table_cell</name>
    <pose>Unspecified</pose>
    <truncated>0</truncated>
    <difficult>0</difficult>
    <bndbox>
      <xmin>9</xmin>
      <ymin>234</ymin>
      <xmax>33</xmax>
      <ymax>246</ymax>
    </bndbox>
  </object>
  <object>
    <name>table_cell</name>
    <pose>Unspecified</pose>
    <truncated>0</truncated>
    <difficult>0</difficult>
    <bndbox>
      <xmin>317</xmin>
      <ymin>234</ymin>
      <xmax>351</xmax>
      <ymax>246</ymax>
    </bndbox>
  </object>
  <object>
    <name>table_cell</name>
    <pose>Unspecified</pose>
    <truncated>0</truncated>
    <difficult>0</difficult>
    <bndbox>
      <xmin>10</xmin>
      <ymin>264</ymin>
      <xmax>17</xmax>
      <ymax>276</ymax>
    </bndbox>
  </object>
  <object>
    <name>table_cell</name>
    <pose>Unspecified</pose>
    <truncated>0</truncated>
    <difficult>0</difficult>
    <bndbox>
      <xmin>317</xmin>
      <ymin>265</ymin>
      <xmax>335</xmax>
      <ymax>276</ymax>
    </bndbox>
  </object>
  <object>
    <name>table_cell</name>
    <pose>Unspecified</pose>
    <truncated>0</truncated>
    <difficult>0</difficult>
    <bndbox>
      <xmin>10</xmin>
      <ymin>294</ymin>
      <xmax>33</xmax>
      <ymax>306</ymax>
    </bndbox>
  </object>
  <object>
    <name>table_cell</name>
    <pose>Unspecified</pose>
    <truncated>0</truncated>
    <difficult>0</difficult>
    <bndbox>
      <xmin>317</xmin>
      <ymin>295</ymin>
      <xmax>351</xmax>
      <ymax>306</ymax>
    </bndbox>
  </object>
  <object>
    <name>table_cell</name>
    <pose>Unspecified</pose>
    <truncated>0</truncated>
    <difficult>0</difficult>
    <bndbox>
      <xmin>9</xmin>
      <ymin>325</ymin>
      <xmax>17</xmax>
      <ymax>336</ymax>
    </bndbox>
  </object>
  <object>
    <name>table_cell</name>
    <pose>Unspecified</pose>
    <truncated>0</truncated>
    <difficult>0</difficult>
    <bndbox>
      <xmin>317</xmin>
      <ymin>324</ymin>
      <xmax>334</xmax>
      <ymax>336</ymax>
    </bndbox>
  </object>
  <object>
    <name>table_cell</name>
    <pose>Unspecified</pose>
    <truncated>0</truncated>
    <difficult>0</difficult>
    <bndbox>
      <xmin>9</xmin>
      <ymin>355</ymin>
      <xmax>33</xmax>
      <ymax>366</ymax>
    </bndbox>
  </object>
  <object>
    <name>table_cell</name>
    <pose>Unspecified</pose>
    <truncated>0</truncated>
    <difficult>0</difficult>
    <bndbox>
      <xmin>317</xmin>
      <ymin>354</ymin>
      <xmax>351</xmax>
      <ymax>366</ymax>
    </bndbox>
  </object>
  <object>
    <name>table_cell</name>
    <pose>Unspecified</pose>
    <truncated>0</truncated>
    <difficult>0</difficult>
    <bndbox>
      <xmin>10</xmin>
      <ymin>385</ymin>
      <xmax>17</xmax>
      <ymax>396</ymax>
    </bndbox>
  </object>
  <object>
    <name>table_cell</name>
    <pose>Unspecified</pose>
    <truncated>0</truncated>
    <difficult>0</difficult>
    <bndbox>
      <xmin>317</xmin>
      <ymin>384</ymin>
      <xmax>335</xmax>
      <ymax>396</ymax>
    </bndbox>
  </object>
  <object>
    <name>table_cell</name>
    <pose>Unspecified</pose>
    <truncated>0</truncated>
    <difficult>0</difficult>
    <bndbox>
      <xmin>10</xmin>
      <ymin>415</ymin>
      <xmax>33</xmax>
      <ymax>426</ymax>
    </bndbox>
  </object>
  <object>
    <name>table_cell</name>
    <pose>Unspecified</pose>
    <truncated>0</truncated>
    <difficult>0</difficult>
    <bndbox>
      <xmin>317</xmin>
      <ymin>414</ymin>
      <xmax>351</xmax>
      <ymax>426</ymax>
    </bndbox>
  </object>
  <object>
    <name>table_cell</name>
    <pose>Unspecified</pose>
    <truncated>0</truncated>
    <difficult>0</difficult>
    <bndbox>
      <xmin>9</xmin>
      <ymin>444</ymin>
      <xmax>17</xmax>
      <ymax>456</ymax>
    </bndbox>
  </object>
  <object>
    <name>table_cell</name>
    <pose>Unspecified</pose>
    <truncated>0</truncated>
    <difficult>0</difficult>
    <bndbox>
      <xmin>317</xmin>
      <ymin>445</ymin>
      <xmax>335</xmax>
      <ymax>456</ymax>
    </bndbox>
  </object>
  <object>
    <name>table_cell</name>
    <pose>Unspecified</pose>
    <truncated>0</truncated>
    <difficult>0</difficult>
    <bndbox>
      <xmin>9</xmin>
      <ymin>474</ymin>
      <xmax>33</xmax>
      <ymax>486</ymax>
    </bndbox>
  </object>
  <object>
    <name>table_cell</name>
    <pose>Unspecified</pose>
    <truncated>0</truncated>
    <difficult>0</difficult>
    <bndbox>
      <xmin>317</xmin>
      <ymin>475</ymin>
      <xmax>351</xmax>
      <ymax>486</ymax>
    </bndbox>
  </object>
  <object>
    <name>table_cell</name>
    <pose>Unspecified</pose>
    <truncated>0</truncated>
    <difficult>0</difficult>
    <bndbox>
      <xmin>10</xmin>
      <ymin>505</ymin>
      <xmax>17</xmax>
      <ymax>516</ymax>
    </bndbox>
  </object>
  <object>
    <name>table_cell</name>
    <pose>Unspecified</pose>
    <truncated>0</truncated>
    <difficult>0</difficult>
    <bndbox>
      <xmin>317</xmin>
      <ymin>505</ymin>
      <xmax>335</xmax>
      <ymax>516</ymax>
    </bndbox>
  </object>
  <object>
    <name>table_cell</name>
    <pose>Unspecified</pose>
    <truncated>0</truncated>
    <difficult>0</difficult>
    <bndbox>
      <xmin>10</xmin>
      <ymin>535</ymin>
      <xmax>33</xmax>
      <ymax>546</ymax>
    </bndbox>
  </object>
</annotation>
