<annotation>
	<folder>images</folder>
	<filename>1407.0853.table_2.png</filename>
	<path>E:\TableBank-Recognition\recognition_sampled\images\1407.0853.table_2.png</path>
	<source>
		<database>Unknown</database>
	</source>
	<size>
		<width>381</width>
		<height>201</height>
		<depth>1</depth>
	</size>
	<segmented>0</segmented>
	<object>
		<name>table_cell</name>
		<pose>Unspecified</pose>
		<truncated>1</truncated>
		<difficult>0</difficult>
		<bndbox>
			<xmin>254</xmin>
			<ymin>1</ymin>
			<xmax>268</xmax>
			<ymax>16</ymax>
		</bndbox>
	</object>
	<object>
		<name>table_cell</name>
		<pose>Unspecified</pose>
		<truncated>0</truncated>
		<difficult>0</difficult>
		<bndbox>
			<xmin>11</xmin>
			<ymin>2</ymin>
			<xmax>21</xmax>
			<ymax>13</ymax>
		</bndbox>
	</object>
	<object>
		<name>table_cell</name>
		<pose>Unspecified</pose>
		<truncated>0</truncated>
		<difficult>0</difficult>
		<bndbox>
			<xmin>290</xmin>
			<ymin>2</ymin>
			<xmax>348</xmax>
			<ymax>13</ymax>
		</bndbox>
	</object>
	<object>
		<name>table_cell</name>
		<pose>Unspecified</pose>
		<truncated>0</truncated>
		<difficult>0</difficult>
		<bndbox>
			<xmin>52</xmin>
			<ymin>2</ymin>
			<xmax>96</xmax>
			<ymax>32</ymax>
		</bndbox>
	</object>
	<object>
		<name>table_cell</name>
		<pose>Unspecified</pose>
		<truncated>1</truncated>
		<difficult>0</difficult>
		<bndbox>
			<xmin>186</xmin>
			<ymin>1</ymin>
			<xmax>231</xmax>
			<ymax>32</ymax>
		</bndbox>
	</object>
	<object>
		<name>table_cell</name>
		<pose>Unspecified</pose>
		<truncated>1</truncated>
		<difficult>0</difficult>
		<bndbox>
			<xmin>125</xmin>
			<ymin>1</ymin>
			<xmax>169</xmax>
			<ymax>33</ymax>
		</bndbox>
	</object>
	<object>
		<name>table_cell</name>
		<pose>Unspecified</pose>
		<truncated>0</truncated>
		<difficult>0</difficult>
		<bndbox>
			<xmin>290</xmin>
			<ymin>36</ymin>
			<xmax>327</xmax>
			<ymax>47</ymax>
		</bndbox>
	</object>
	<object>
		<name>table_cell</name>
		<pose>Unspecified</pose>
		<truncated>0</truncated>
		<difficult>0</difficult>
		<bndbox>
			<xmin>14</xmin>
			<ymin>37</ymin>
			<xmax>19</xmax>
			<ymax>47</ymax>
		</bndbox>
	</object>
	<object>
		<name>table_cell</name>
		<pose>Unspecified</pose>
		<truncated>0</truncated>
		<difficult>0</difficult>
		<bndbox>
			<xmin>41</xmin>
			<ymin>37</ymin>
			<xmax>109</xmax>
			<ymax>47</ymax>
		</bndbox>
	</object>
	<object>
		<name>table_cell</name>
		<pose>Unspecified</pose>
		<truncated>0</truncated>
		<difficult>0</difficult>
		<bndbox>
			<xmin>136</xmin>
			<ymin>37</ymin>
			<xmax>160</xmax>
			<ymax>47</ymax>
		</bndbox>
	</object>
	<object>
		<name>table_cell</name>
		<pose>Unspecified</pose>
		<truncated>0</truncated>
		<difficult>0</difficult>
		<bndbox>
			<xmin>205</xmin>
			<ymin>42</ymin>
			<xmax>214</xmax>
			<ymax>44</ymax>
		</bndbox>
	</object>
	<object>
		<name>table_cell</name>
		<pose>Unspecified</pose>
		<truncated>0</truncated>
		<difficult>0</difficult>
		<bndbox>
			<xmin>258</xmin>
			<ymin>42</ymin>
			<xmax>263</xmax>
			<ymax>45</ymax>
		</bndbox>
	</object>
	<object>
		<name>table_cell</name>
		<pose>Unspecified</pose>
		<truncated>0</truncated>
		<difficult>0</difficult>
		<bndbox>
			<xmin>290</xmin>
			<ymin>52</ymin>
			<xmax>328</xmax>
			<ymax>63</ymax>
		</bndbox>
	</object>
	<object>
		<name>table_cell</name>
		<pose>Unspecified</pose>
		<truncated>0</truncated>
		<difficult>0</difficult>
		<bndbox>
			<xmin>13</xmin>
			<ymin>53</ymin>
			<xmax>20</xmax>
			<ymax>63</ymax>
		</bndbox>
	</object>
	<object>
		<name>table_cell</name>
		<pose>Unspecified</pose>
		<truncated>0</truncated>
		<difficult>0</difficult>
		<bndbox>
			<xmin>41</xmin>
			<ymin>53</ymin>
			<xmax>109</xmax>
			<ymax>63</ymax>
		</bndbox>
	</object>
	<object>
		<name>table_cell</name>
		<pose>Unspecified</pose>
		<truncated>0</truncated>
		<difficult>0</difficult>
		<bndbox>
			<xmin>249</xmin>
			<ymin>53</ymin>
			<xmax>273</xmax>
			<ymax>63</ymax>
		</bndbox>
	</object>
	<object>
		<name>table_cell</name>
		<pose>Unspecified</pose>
		<truncated>0</truncated>
		<difficult>0</difficult>
		<bndbox>
			<xmin>143</xmin>
			<ymin>58</ymin>
			<xmax>153</xmax>
			<ymax>60</ymax>
		</bndbox>
	</object>
	<object>
		<name>table_cell</name>
		<pose>Unspecified</pose>
		<truncated>0</truncated>
		<difficult>0</difficult>
		<bndbox>
			<xmin>205</xmin>
			<ymin>58</ymin>
			<xmax>214</xmax>
			<ymax>60</ymax>
		</bndbox>
	</object>
	<object>
		<name>table_cell</name>
		<pose>Unspecified</pose>
		<truncated>0</truncated>
		<difficult>0</difficult>
		<bndbox>
			<xmin>290</xmin>
			<ymin>69</ymin>
			<xmax>365</xmax>
			<ymax>80</ymax>
		</bndbox>
	</object>
	<object>
		<name>table_cell</name>
		<pose>Unspecified</pose>
		<truncated>0</truncated>
		<difficult>0</difficult>
		<bndbox>
			<xmin>13</xmin>
			<ymin>70</ymin>
			<xmax>20</xmax>
			<ymax>80</ymax>
		</bndbox>
	</object>
	<object>
		<name>table_cell</name>
		<pose>Unspecified</pose>
		<truncated>0</truncated>
		<difficult>0</difficult>
		<bndbox>
			<xmin>41</xmin>
			<ymin>70</ymin>
			<xmax>109</xmax>
			<ymax>80</ymax>
		</bndbox>
	</object>
	<object>
		<name>table_cell</name>
		<pose>Unspecified</pose>
		<truncated>0</truncated>
		<difficult>0</difficult>
		<bndbox>
			<xmin>136</xmin>
			<ymin>70</ymin>
			<xmax>160</xmax>
			<ymax>80</ymax>
		</bndbox>
	</object>
	<object>
		<name>table_cell</name>
		<pose>Unspecified</pose>
		<truncated>0</truncated>
		<difficult>0</difficult>
		<bndbox>
			<xmin>197</xmin>
			<ymin>70</ymin>
			<xmax>222</xmax>
			<ymax>80</ymax>
		</bndbox>
	</object>
	<object>
		<name>table_cell</name>
		<pose>Unspecified</pose>
		<truncated>0</truncated>
		<difficult>0</difficult>
		<bndbox>
			<xmin>249</xmin>
			<ymin>70</ymin>
			<xmax>273</xmax>
			<ymax>80</ymax>
		</bndbox>
	</object>
	<object>
		<name>table_cell</name>
		<pose>Unspecified</pose>
		<truncated>0</truncated>
		<difficult>0</difficult>
		<bndbox>
			<xmin>290</xmin>
			<ymin>86</ymin>
			<xmax>315</xmax>
			<ymax>97</ymax>
		</bndbox>
	</object>
	<object>
		<name>table_cell</name>
		<pose>Unspecified</pose>
		<truncated>0</truncated>
		<difficult>0</difficult>
		<bndbox>
			<xmin>13</xmin>
			<ymin>87</ymin>
			<xmax>20</xmax>
			<ymax>97</ymax>
		</bndbox>
	</object>
	<object>
		<name>table_cell</name>
		<pose>Unspecified</pose>
		<truncated>0</truncated>
		<difficult>0</difficult>
		<bndbox>
			<xmin>41</xmin>
			<ymin>87</ymin>
			<xmax>109</xmax>
			<ymax>97</ymax>
		</bndbox>
	</object>
	<object>
		<name>table_cell</name>
		<pose>Unspecified</pose>
		<truncated>0</truncated>
		<difficult>0</difficult>
		<bndbox>
			<xmin>136</xmin>
			<ymin>87</ymin>
			<xmax>159</xmax>
			<ymax>97</ymax>
		</bndbox>
	</object>
	<object>
		<name>table_cell</name>
		<pose>Unspecified</pose>
		<truncated>0</truncated>
		<difficult>0</difficult>
		<bndbox>
			<xmin>197</xmin>
			<ymin>87</ymin>
			<xmax>222</xmax>
			<ymax>97</ymax>
		</bndbox>
	</object>
	<object>
		<name>table_cell</name>
		<pose>Unspecified</pose>
		<truncated>0</truncated>
		<difficult>0</difficult>
		<bndbox>
			<xmin>249</xmin>
			<ymin>87</ymin>
			<xmax>273</xmax>
			<ymax>97</ymax>
		</bndbox>
	</object>
	<object>
		<name>table_cell</name>
		<pose>Unspecified</pose>
		<truncated>0</truncated>
		<difficult>0</difficult>
		<bndbox>
			<xmin>290</xmin>
			<ymin>102</ymin>
			<xmax>320</xmax>
			<ymax>113</ymax>
		</bndbox>
	</object>
	<object>
		<name>table_cell</name>
		<pose>Unspecified</pose>
		<truncated>0</truncated>
		<difficult>0</difficult>
		<bndbox>
			<xmin>13</xmin>
			<ymin>103</ymin>
			<xmax>20</xmax>
			<ymax>113</ymax>
		</bndbox>
	</object>
	<object>
		<name>table_cell</name>
		<pose>Unspecified</pose>
		<truncated>0</truncated>
		<difficult>0</difficult>
		<bndbox>
			<xmin>41</xmin>
			<ymin>103</ymin>
			<xmax>109</xmax>
			<ymax>113</ymax>
		</bndbox>
	</object>
	<object>
		<name>table_cell</name>
		<pose>Unspecified</pose>
		<truncated>0</truncated>
		<difficult>0</difficult>
		<bndbox>
			<xmin>197</xmin>
			<ymin>103</ymin>
			<xmax>222</xmax>
			<ymax>113</ymax>
		</bndbox>
	</object>
	<object>
		<name>table_cell</name>
		<pose>Unspecified</pose>
		<truncated>0</truncated>
		<difficult>0</difficult>
		<bndbox>
			<xmin>249</xmin>
			<ymin>103</ymin>
			<xmax>273</xmax>
			<ymax>113</ymax>
		</bndbox>
	</object>
	<object>
		<name>table_cell</name>
		<pose>Unspecified</pose>
		<truncated>0</truncated>
		<difficult>0</difficult>
		<bndbox>
			<xmin>143</xmin>
			<ymin>108</ymin>
			<xmax>153</xmax>
			<ymax>110</ymax>
		</bndbox>
	</object>
	<object>
		<name>table_cell</name>
		<pose>Unspecified</pose>
		<truncated>0</truncated>
		<difficult>0</difficult>
		<bndbox>
			<xmin>290</xmin>
			<ymin>119</ymin>
			<xmax>369</xmax>
			<ymax>132</ymax>
		</bndbox>
	</object>
	<object>
		<name>table_cell</name>
		<pose>Unspecified</pose>
		<truncated>0</truncated>
		<difficult>0</difficult>
		<bndbox>
			<xmin>13</xmin>
			<ymin>120</ymin>
			<xmax>20</xmax>
			<ymax>130</ymax>
		</bndbox>
	</object>
	<object>
		<name>table_cell</name>
		<pose>Unspecified</pose>
		<truncated>0</truncated>
		<difficult>0</difficult>
		<bndbox>
			<xmin>41</xmin>
			<ymin>120</ymin>
			<xmax>109</xmax>
			<ymax>130</ymax>
		</bndbox>
	</object>
	<object>
		<name>table_cell</name>
		<pose>Unspecified</pose>
		<truncated>0</truncated>
		<difficult>0</difficult>
		<bndbox>
			<xmin>197</xmin>
			<ymin>120</ymin>
			<xmax>222</xmax>
			<ymax>130</ymax>
		</bndbox>
	</object>
	<object>
		<name>table_cell</name>
		<pose>Unspecified</pose>
		<truncated>0</truncated>
		<difficult>0</difficult>
		<bndbox>
			<xmin>249</xmin>
			<ymin>120</ymin>
			<xmax>273</xmax>
			<ymax>130</ymax>
		</bndbox>
	</object>
	<object>
		<name>table_cell</name>
		<pose>Unspecified</pose>
		<truncated>0</truncated>
		<difficult>0</difficult>
		<bndbox>
			<xmin>143</xmin>
			<ymin>125</ymin>
			<xmax>153</xmax>
			<ymax>127</ymax>
		</bndbox>
	</object>
	<object>
		<name>table_cell</name>
		<pose>Unspecified</pose>
		<truncated>0</truncated>
		<difficult>0</difficult>
		<bndbox>
			<xmin>290</xmin>
			<ymin>135</ymin>
			<xmax>363</xmax>
			<ymax>149</ymax>
		</bndbox>
	</object>
	<object>
		<name>table_cell</name>
		<pose>Unspecified</pose>
		<truncated>0</truncated>
		<difficult>0</difficult>
		<bndbox>
			<xmin>13</xmin>
			<ymin>136</ymin>
			<xmax>20</xmax>
			<ymax>146</ymax>
		</bndbox>
	</object>
	<object>
		<name>table_cell</name>
		<pose>Unspecified</pose>
		<truncated>0</truncated>
		<difficult>0</difficult>
		<bndbox>
			<xmin>41</xmin>
			<ymin>136</ymin>
			<xmax>109</xmax>
			<ymax>146</ymax>
		</bndbox>
	</object>
	<object>
		<name>table_cell</name>
		<pose>Unspecified</pose>
		<truncated>0</truncated>
		<difficult>0</difficult>
		<bndbox>
			<xmin>136</xmin>
			<ymin>136</ymin>
			<xmax>160</xmax>
			<ymax>146</ymax>
		</bndbox>
	</object>
	<object>
		<name>table_cell</name>
		<pose>Unspecified</pose>
		<truncated>0</truncated>
		<difficult>0</difficult>
		<bndbox>
			<xmin>197</xmin>
			<ymin>136</ymin>
			<xmax>222</xmax>
			<ymax>146</ymax>
		</bndbox>
	</object>
	<object>
		<name>table_cell</name>
		<pose>Unspecified</pose>
		<truncated>0</truncated>
		<difficult>0</difficult>
		<bndbox>
			<xmin>249</xmin>
			<ymin>136</ymin>
			<xmax>273</xmax>
			<ymax>146</ymax>
		</bndbox>
	</object>
	<object>
		<name>table_cell</name>
		<pose>Unspecified</pose>
		<truncated>0</truncated>
		<difficult>0</difficult>
		<bndbox>
			<xmin>290</xmin>
			<ymin>152</ymin>
			<xmax>375</xmax>
			<ymax>166</ymax>
		</bndbox>
	</object>
	<object>
		<name>table_cell</name>
		<pose>Unspecified</pose>
		<truncated>0</truncated>
		<difficult>0</difficult>
		<bndbox>
			<xmin>13</xmin>
			<ymin>153</ymin>
			<xmax>20</xmax>
			<ymax>163</ymax>
		</bndbox>
	</object>
	<object>
		<name>table_cell</name>
		<pose>Unspecified</pose>
		<truncated>0</truncated>
		<difficult>0</difficult>
		<bndbox>
			<xmin>41</xmin>
			<ymin>153</ymin>
			<xmax>109</xmax>
			<ymax>163</ymax>
		</bndbox>
	</object>
	<object>
		<name>table_cell</name>
		<pose>Unspecified</pose>
		<truncated>0</truncated>
		<difficult>0</difficult>
		<bndbox>
			<xmin>197</xmin>
			<ymin>153</ymin>
			<xmax>222</xmax>
			<ymax>163</ymax>
		</bndbox>
	</object>
	<object>
		<name>table_cell</name>
		<pose>Unspecified</pose>
		<truncated>0</truncated>
		<difficult>0</difficult>
		<bndbox>
			<xmin>249</xmin>
			<ymin>153</ymin>
			<xmax>273</xmax>
			<ymax>163</ymax>
		</bndbox>
	</object>
	<object>
		<name>table_cell</name>
		<pose>Unspecified</pose>
		<truncated>0</truncated>
		<difficult>0</difficult>
		<bndbox>
			<xmin>143</xmin>
			<ymin>158</ymin>
			<xmax>153</xmax>
			<ymax>160</ymax>
		</bndbox>
	</object>
	<object>
		<name>table_cell</name>
		<pose>Unspecified</pose>
		<truncated>0</truncated>
		<difficult>0</difficult>
		<bndbox>
			<xmin>290</xmin>
			<ymin>169</ymin>
			<xmax>362</xmax>
			<ymax>180</ymax>
		</bndbox>
	</object>
	<object>
		<name>table_cell</name>
		<pose>Unspecified</pose>
		<truncated>0</truncated>
		<difficult>0</difficult>
		<bndbox>
			<xmin>13</xmin>
			<ymin>170</ymin>
			<xmax>20</xmax>
			<ymax>180</ymax>
		</bndbox>
	</object>
	<object>
		<name>table_cell</name>
		<pose>Unspecified</pose>
		<truncated>0</truncated>
		<difficult>0</difficult>
		<bndbox>
			<xmin>41</xmin>
			<ymin>170</ymin>
			<xmax>109</xmax>
			<ymax>180</ymax>
		</bndbox>
	</object>
	<object>
		<name>table_cell</name>
		<pose>Unspecified</pose>
		<truncated>0</truncated>
		<difficult>0</difficult>
		<bndbox>
			<xmin>197</xmin>
			<ymin>170</ymin>
			<xmax>222</xmax>
			<ymax>180</ymax>
		</bndbox>
	</object>
	<object>
		<name>table_cell</name>
		<pose>Unspecified</pose>
		<truncated>0</truncated>
		<difficult>0</difficult>
		<bndbox>
			<xmin>248</xmin>
			<ymin>170</ymin>
			<xmax>273</xmax>
			<ymax>180</ymax>
		</bndbox>
	</object>
	<object>
		<name>table_cell</name>
		<pose>Unspecified</pose>
		<truncated>0</truncated>
		<difficult>0</difficult>
		<bndbox>
			<xmin>143</xmin>
			<ymin>175</ymin>
			<xmax>153</xmax>
			<ymax>177</ymax>
		</bndbox>
	</object>
	<object>
		<name>table_cell</name>
		<pose>Unspecified</pose>
		<truncated>0</truncated>
		<difficult>0</difficult>
		<bndbox>
			<xmin>290</xmin>
			<ymin>185</ymin>
			<xmax>342</xmax>
			<ymax>199</ymax>
		</bndbox>
	</object>
	<object>
		<name>table_cell</name>
		<pose>Unspecified</pose>
		<truncated>0</truncated>
		<difficult>0</difficult>
		<bndbox>
			<xmin>10</xmin>
			<ymin>186</ymin>
			<xmax>23</xmax>
			<ymax>196</ymax>
		</bndbox>
	</object>
	<object>
		<name>table_cell</name>
		<pose>Unspecified</pose>
		<truncated>0</truncated>
		<difficult>0</difficult>
		<bndbox>
			<xmin>41</xmin>
			<ymin>186</ymin>
			<xmax>109</xmax>
			<ymax>196</ymax>
		</bndbox>
	</object>
	<object>
		<name>table_cell</name>
		<pose>Unspecified</pose>
		<truncated>0</truncated>
		<difficult>0</difficult>
		<bndbox>
			<xmin>136</xmin>
			<ymin>186</ymin>
			<xmax>160</xmax>
			<ymax>196</ymax>
		</bndbox>
	</object>
	<object>
		<name>table_cell</name>
		<pose>Unspecified</pose>
		<truncated>0</truncated>
		<difficult>0</difficult>
		<bndbox>
			<xmin>197</xmin>
			<ymin>186</ymin>
			<xmax>222</xmax>
			<ymax>196</ymax>
		</bndbox>
	</object>
	<object>
		<name>table_cell</name>
		<pose>Unspecified</pose>
		<truncated>0</truncated>
		<difficult>0</difficult>
		<bndbox>
			<xmin>248</xmin>
			<ymin>186</ymin>
			<xmax>273</xmax>
			<ymax>196</ymax>
		</bndbox>
	</object>
</annotation>
