<annotation>
	<folder>images</folder>
	<filename>1407.1204.table_3.png</filename>
	<path>E:\TableBank-Recognition\recognition_sampled\images\1407.1204.table_3.png</path>
	<source>
		<database>Unknown</database>
	</source>
	<size>
		<width>399</width>
		<height>288</height>
		<depth>1</depth>
	</size>
	<segmented>0</segmented>
	<object>
		<name>table_cell</name>
		<pose>Unspecified</pose>
		<truncated>1</truncated>
		<difficult>0</difficult>
		<bndbox>
			<xmin>1</xmin>
			<ymin>7</ymin>
			<xmax>29</xmax>
			<ymax>36</ymax>
		</bndbox>
	</object>
	<object>
		<name>table_cell</name>
		<pose>Unspecified</pose>
		<truncated>0</truncated>
		<difficult>0</difficult>
		<bndbox>
			<xmin>93</xmin>
			<ymin>7</ymin>
			<xmax>152</xmax>
			<ymax>36</ymax>
		</bndbox>
	</object>
	<object>
		<name>table_cell</name>
		<pose>Unspecified</pose>
		<truncated>0</truncated>
		<difficult>0</difficult>
		<bndbox>
			<xmin>352</xmin>
			<ymin>7</ymin>
			<xmax>377</xmax>
			<ymax>36</ymax>
		</bndbox>
	</object>
	<object>
		<name>table_cell</name>
		<pose>Unspecified</pose>
		<truncated>0</truncated>
		<difficult>0</difficult>
		<bndbox>
			<xmin>169</xmin>
			<ymin>5</ymin>
			<xmax>234</xmax>
			<ymax>36</ymax>
		</bndbox>
	</object>
	<object>
		<name>table_cell</name>
		<pose>Unspecified</pose>
		<truncated>0</truncated>
		<difficult>0</difficult>
		<bndbox>
			<xmin>282</xmin>
			<ymin>5</ymin>
			<xmax>317</xmax>
			<ymax>37</ymax>
		</bndbox>
	</object>
	<object>
		<name>table_cell</name>
		<pose>Unspecified</pose>
		<truncated>1</truncated>
		<difficult>0</difficult>
		<bndbox>
			<xmin>1</xmin>
			<ymin>40</ymin>
			<xmax>73</xmax>
			<ymax>51</ymax>
		</bndbox>
	</object>
	<object>
		<name>table_cell</name>
		<pose>Unspecified</pose>
		<truncated>0</truncated>
		<difficult>0</difficult>
		<bndbox>
			<xmin>93</xmin>
			<ymin>41</ymin>
			<xmax>131</xmax>
			<ymax>51</ymax>
		</bndbox>
	</object>
	<object>
		<name>table_cell</name>
		<pose>Unspecified</pose>
		<truncated>0</truncated>
		<difficult>0</difficult>
		<bndbox>
			<xmin>170</xmin>
			<ymin>41</ymin>
			<xmax>254</xmax>
			<ymax>53</ymax>
		</bndbox>
	</object>
	<object>
		<name>table_cell</name>
		<pose>Unspecified</pose>
		<truncated>0</truncated>
		<difficult>0</difficult>
		<bndbox>
			<xmin>283</xmin>
			<ymin>41</ymin>
			<xmax>290</xmax>
			<ymax>51</ymax>
		</bndbox>
	</object>
	<object>
		<name>table_cell</name>
		<pose>Unspecified</pose>
		<truncated>0</truncated>
		<difficult>0</difficult>
		<bndbox>
			<xmin>360</xmin>
			<ymin>46</ymin>
			<xmax>369</xmax>
			<ymax>48</ymax>
		</bndbox>
	</object>
	<object>
		<name>table_cell</name>
		<pose>Unspecified</pose>
		<truncated>1</truncated>
		<difficult>0</difficult>
		<bndbox>
			<xmin>1</xmin>
			<ymin>57</ymin>
			<xmax>74</xmax>
			<ymax>68</ymax>
		</bndbox>
	</object>
	<object>
		<name>table_cell</name>
		<pose>Unspecified</pose>
		<truncated>0</truncated>
		<difficult>0</difficult>
		<bndbox>
			<xmin>93</xmin>
			<ymin>58</ymin>
			<xmax>131</xmax>
			<ymax>68</ymax>
		</bndbox>
	</object>
	<object>
		<name>table_cell</name>
		<pose>Unspecified</pose>
		<truncated>0</truncated>
		<difficult>0</difficult>
		<bndbox>
			<xmin>170</xmin>
			<ymin>58</ymin>
			<xmax>261</xmax>
			<ymax>70</ymax>
		</bndbox>
	</object>
	<object>
		<name>table_cell</name>
		<pose>Unspecified</pose>
		<truncated>0</truncated>
		<difficult>0</difficult>
		<bndbox>
			<xmin>284</xmin>
			<ymin>58</ymin>
			<xmax>297</xmax>
			<ymax>67</ymax>
		</bndbox>
	</object>
	<object>
		<name>table_cell</name>
		<pose>Unspecified</pose>
		<truncated>0</truncated>
		<difficult>0</difficult>
		<bndbox>
			<xmin>346</xmin>
			<ymin>58</ymin>
			<xmax>383</xmax>
			<ymax>68</ymax>
		</bndbox>
	</object>
	<object>
		<name>table_cell</name>
		<pose>Unspecified</pose>
		<truncated>1</truncated>
		<difficult>0</difficult>
		<bndbox>
			<xmin>1</xmin>
			<ymin>73</ymin>
			<xmax>74</xmax>
			<ymax>84</ymax>
		</bndbox>
	</object>
	<object>
		<name>table_cell</name>
		<pose>Unspecified</pose>
		<truncated>0</truncated>
		<difficult>0</difficult>
		<bndbox>
			<xmin>93</xmin>
			<ymin>74</ymin>
			<xmax>131</xmax>
			<ymax>84</ymax>
		</bndbox>
	</object>
	<object>
		<name>table_cell</name>
		<pose>Unspecified</pose>
		<truncated>0</truncated>
		<difficult>0</difficult>
		<bndbox>
			<xmin>170</xmin>
			<ymin>74</ymin>
			<xmax>254</xmax>
			<ymax>86</ymax>
		</bndbox>
	</object>
	<object>
		<name>table_cell</name>
		<pose>Unspecified</pose>
		<truncated>0</truncated>
		<difficult>0</difficult>
		<bndbox>
			<xmin>284</xmin>
			<ymin>74</ymin>
			<xmax>304</xmax>
			<ymax>84</ymax>
		</bndbox>
	</object>
	<object>
		<name>table_cell</name>
		<pose>Unspecified</pose>
		<truncated>0</truncated>
		<difficult>0</difficult>
		<bndbox>
			<xmin>344</xmin>
			<ymin>74</ymin>
			<xmax>385</xmax>
			<ymax>84</ymax>
		</bndbox>
	</object>
	<object>
		<name>table_cell</name>
		<pose>Unspecified</pose>
		<truncated>1</truncated>
		<difficult>0</difficult>
		<bndbox>
			<xmin>1</xmin>
			<ymin>90</ymin>
			<xmax>74</xmax>
			<ymax>101</ymax>
		</bndbox>
	</object>
	<object>
		<name>table_cell</name>
		<pose>Unspecified</pose>
		<truncated>0</truncated>
		<difficult>0</difficult>
		<bndbox>
			<xmin>93</xmin>
			<ymin>91</ymin>
			<xmax>131</xmax>
			<ymax>101</ymax>
		</bndbox>
	</object>
	<object>
		<name>table_cell</name>
		<pose>Unspecified</pose>
		<truncated>0</truncated>
		<difficult>0</difficult>
		<bndbox>
			<xmin>170</xmin>
			<ymin>91</ymin>
			<xmax>261</xmax>
			<ymax>103</ymax>
		</bndbox>
	</object>
	<object>
		<name>table_cell</name>
		<pose>Unspecified</pose>
		<truncated>0</truncated>
		<difficult>0</difficult>
		<bndbox>
			<xmin>284</xmin>
			<ymin>91</ymin>
			<xmax>311</xmax>
			<ymax>101</ymax>
		</bndbox>
	</object>
	<object>
		<name>table_cell</name>
		<pose>Unspecified</pose>
		<truncated>0</truncated>
		<difficult>0</difficult>
		<bndbox>
			<xmin>337</xmin>
			<ymin>91</ymin>
			<xmax>391</xmax>
			<ymax>101</ymax>
		</bndbox>
	</object>
	<object>
		<name>table_cell</name>
		<pose>Unspecified</pose>
		<truncated>1</truncated>
		<difficult>0</difficult>
		<bndbox>
			<xmin>1</xmin>
			<ymin>106</ymin>
			<xmax>73</xmax>
			<ymax>117</ymax>
		</bndbox>
	</object>
	<object>
		<name>table_cell</name>
		<pose>Unspecified</pose>
		<truncated>0</truncated>
		<difficult>0</difficult>
		<bndbox>
			<xmin>93</xmin>
			<ymin>107</ymin>
			<xmax>131</xmax>
			<ymax>117</ymax>
		</bndbox>
	</object>
	<object>
		<name>table_cell</name>
		<pose>Unspecified</pose>
		<truncated>0</truncated>
		<difficult>0</difficult>
		<bndbox>
			<xmin>170</xmin>
			<ymin>107</ymin>
			<xmax>254</xmax>
			<ymax>119</ymax>
		</bndbox>
	</object>
	<object>
		<name>table_cell</name>
		<pose>Unspecified</pose>
		<truncated>0</truncated>
		<difficult>0</difficult>
		<bndbox>
			<xmin>284</xmin>
			<ymin>107</ymin>
			<xmax>311</xmax>
			<ymax>117</ymax>
		</bndbox>
	</object>
	<object>
		<name>table_cell</name>
		<pose>Unspecified</pose>
		<truncated>0</truncated>
		<difficult>0</difficult>
		<bndbox>
			<xmin>349</xmin>
			<ymin>107</ymin>
			<xmax>380</xmax>
			<ymax>117</ymax>
		</bndbox>
	</object>
	<object>
		<name>table_cell</name>
		<pose>Unspecified</pose>
		<truncated>1</truncated>
		<difficult>0</difficult>
		<bndbox>
			<xmin>1</xmin>
			<ymin>123</ymin>
			<xmax>73</xmax>
			<ymax>134</ymax>
		</bndbox>
	</object>
	<object>
		<name>table_cell</name>
		<pose>Unspecified</pose>
		<truncated>0</truncated>
		<difficult>0</difficult>
		<bndbox>
			<xmin>93</xmin>
			<ymin>124</ymin>
			<xmax>131</xmax>
			<ymax>134</ymax>
		</bndbox>
	</object>
	<object>
		<name>table_cell</name>
		<pose>Unspecified</pose>
		<truncated>0</truncated>
		<difficult>0</difficult>
		<bndbox>
			<xmin>170</xmin>
			<ymin>124</ymin>
			<xmax>254</xmax>
			<ymax>136</ymax>
		</bndbox>
	</object>
	<object>
		<name>table_cell</name>
		<pose>Unspecified</pose>
		<truncated>0</truncated>
		<difficult>0</difficult>
		<bndbox>
			<xmin>284</xmin>
			<ymin>124</ymin>
			<xmax>311</xmax>
			<ymax>134</ymax>
		</bndbox>
	</object>
	<object>
		<name>table_cell</name>
		<pose>Unspecified</pose>
		<truncated>0</truncated>
		<difficult>0</difficult>
		<bndbox>
			<xmin>337</xmin>
			<ymin>124</ymin>
			<xmax>392</xmax>
			<ymax>134</ymax>
		</bndbox>
	</object>
	<object>
		<name>table_cell</name>
		<pose>Unspecified</pose>
		<truncated>1</truncated>
		<difficult>0</difficult>
		<bndbox>
			<xmin>1</xmin>
			<ymin>140</ymin>
			<xmax>74</xmax>
			<ymax>151</ymax>
		</bndbox>
	</object>
	<object>
		<name>table_cell</name>
		<pose>Unspecified</pose>
		<truncated>0</truncated>
		<difficult>0</difficult>
		<bndbox>
			<xmin>93</xmin>
			<ymin>141</ymin>
			<xmax>131</xmax>
			<ymax>151</ymax>
		</bndbox>
	</object>
	<object>
		<name>table_cell</name>
		<pose>Unspecified</pose>
		<truncated>0</truncated>
		<difficult>0</difficult>
		<bndbox>
			<xmin>170</xmin>
			<ymin>141</ymin>
			<xmax>261</xmax>
			<ymax>153</ymax>
		</bndbox>
	</object>
	<object>
		<name>table_cell</name>
		<pose>Unspecified</pose>
		<truncated>0</truncated>
		<difficult>0</difficult>
		<bndbox>
			<xmin>284</xmin>
			<ymin>141</ymin>
			<xmax>311</xmax>
			<ymax>151</ymax>
		</bndbox>
	</object>
	<object>
		<name>table_cell</name>
		<pose>Unspecified</pose>
		<truncated>0</truncated>
		<difficult>0</difficult>
		<bndbox>
			<xmin>346</xmin>
			<ymin>141</ymin>
			<xmax>382</xmax>
			<ymax>151</ymax>
		</bndbox>
	</object>
	<object>
		<name>table_cell</name>
		<pose>Unspecified</pose>
		<truncated>1</truncated>
		<difficult>0</difficult>
		<bndbox>
			<xmin>1</xmin>
			<ymin>156</ymin>
			<xmax>74</xmax>
			<ymax>167</ymax>
		</bndbox>
	</object>
	<object>
		<name>table_cell</name>
		<pose>Unspecified</pose>
		<truncated>0</truncated>
		<difficult>0</difficult>
		<bndbox>
			<xmin>93</xmin>
			<ymin>157</ymin>
			<xmax>131</xmax>
			<ymax>167</ymax>
		</bndbox>
	</object>
	<object>
		<name>table_cell</name>
		<pose>Unspecified</pose>
		<truncated>0</truncated>
		<difficult>0</difficult>
		<bndbox>
			<xmin>170</xmin>
			<ymin>157</ymin>
			<xmax>261</xmax>
			<ymax>169</ymax>
		</bndbox>
	</object>
	<object>
		<name>table_cell</name>
		<pose>Unspecified</pose>
		<truncated>0</truncated>
		<difficult>0</difficult>
		<bndbox>
			<xmin>284</xmin>
			<ymin>157</ymin>
			<xmax>311</xmax>
			<ymax>167</ymax>
		</bndbox>
	</object>
	<object>
		<name>table_cell</name>
		<pose>Unspecified</pose>
		<truncated>0</truncated>
		<difficult>0</difficult>
		<bndbox>
			<xmin>337</xmin>
			<ymin>157</ymin>
			<xmax>392</xmax>
			<ymax>167</ymax>
		</bndbox>
	</object>
	<object>
		<name>table_cell</name>
		<pose>Unspecified</pose>
		<truncated>1</truncated>
		<difficult>0</difficult>
		<bndbox>
			<xmin>1</xmin>
			<ymin>173</ymin>
			<xmax>73</xmax>
			<ymax>184</ymax>
		</bndbox>
	</object>
	<object>
		<name>table_cell</name>
		<pose>Unspecified</pose>
		<truncated>0</truncated>
		<difficult>0</difficult>
		<bndbox>
			<xmin>93</xmin>
			<ymin>174</ymin>
			<xmax>131</xmax>
			<ymax>184</ymax>
		</bndbox>
	</object>
	<object>
		<name>table_cell</name>
		<pose>Unspecified</pose>
		<truncated>0</truncated>
		<difficult>0</difficult>
		<bndbox>
			<xmin>170</xmin>
			<ymin>174</ymin>
			<xmax>254</xmax>
			<ymax>186</ymax>
		</bndbox>
	</object>
	<object>
		<name>table_cell</name>
		<pose>Unspecified</pose>
		<truncated>0</truncated>
		<difficult>0</difficult>
		<bndbox>
			<xmin>283</xmin>
			<ymin>174</ymin>
			<xmax>310</xmax>
			<ymax>184</ymax>
		</bndbox>
	</object>
	<object>
		<name>table_cell</name>
		<pose>Unspecified</pose>
		<truncated>0</truncated>
		<difficult>0</difficult>
		<bndbox>
			<xmin>337</xmin>
			<ymin>174</ymin>
			<xmax>392</xmax>
			<ymax>184</ymax>
		</bndbox>
	</object>
	<object>
		<name>table_cell</name>
		<pose>Unspecified</pose>
		<truncated>1</truncated>
		<difficult>0</difficult>
		<bndbox>
			<xmin>1</xmin>
			<ymin>189</ymin>
			<xmax>73</xmax>
			<ymax>200</ymax>
		</bndbox>
	</object>
	<object>
		<name>table_cell</name>
		<pose>Unspecified</pose>
		<truncated>0</truncated>
		<difficult>0</difficult>
		<bndbox>
			<xmin>93</xmin>
			<ymin>190</ymin>
			<xmax>131</xmax>
			<ymax>200</ymax>
		</bndbox>
	</object>
	<object>
		<name>table_cell</name>
		<pose>Unspecified</pose>
		<truncated>0</truncated>
		<difficult>0</difficult>
		<bndbox>
			<xmin>170</xmin>
			<ymin>190</ymin>
			<xmax>254</xmax>
			<ymax>202</ymax>
		</bndbox>
	</object>
	<object>
		<name>table_cell</name>
		<pose>Unspecified</pose>
		<truncated>0</truncated>
		<difficult>0</difficult>
		<bndbox>
			<xmin>283</xmin>
			<ymin>190</ymin>
			<xmax>311</xmax>
			<ymax>200</ymax>
		</bndbox>
	</object>
	<object>
		<name>table_cell</name>
		<pose>Unspecified</pose>
		<truncated>0</truncated>
		<difficult>0</difficult>
		<bndbox>
			<xmin>337</xmin>
			<ymin>190</ymin>
			<xmax>392</xmax>
			<ymax>200</ymax>
		</bndbox>
	</object>
	<object>
		<name>table_cell</name>
		<pose>Unspecified</pose>
		<truncated>1</truncated>
		<difficult>0</difficult>
		<bndbox>
			<xmin>1</xmin>
			<ymin>206</ymin>
			<xmax>73</xmax>
			<ymax>217</ymax>
		</bndbox>
	</object>
	<object>
		<name>table_cell</name>
		<pose>Unspecified</pose>
		<truncated>0</truncated>
		<difficult>0</difficult>
		<bndbox>
			<xmin>93</xmin>
			<ymin>207</ymin>
			<xmax>131</xmax>
			<ymax>217</ymax>
		</bndbox>
	</object>
	<object>
		<name>table_cell</name>
		<pose>Unspecified</pose>
		<truncated>0</truncated>
		<difficult>0</difficult>
		<bndbox>
			<xmin>169</xmin>
			<ymin>207</ymin>
			<xmax>261</xmax>
			<ymax>219</ymax>
		</bndbox>
	</object>
	<object>
		<name>table_cell</name>
		<pose>Unspecified</pose>
		<truncated>0</truncated>
		<difficult>0</difficult>
		<bndbox>
			<xmin>283</xmin>
			<ymin>207</ymin>
			<xmax>320</xmax>
			<ymax>217</ymax>
		</bndbox>
	</object>
	<object>
		<name>table_cell</name>
		<pose>Unspecified</pose>
		<truncated>0</truncated>
		<difficult>0</difficult>
		<bndbox>
			<xmin>341</xmin>
			<ymin>207</ymin>
			<xmax>389</xmax>
			<ymax>217</ymax>
		</bndbox>
	</object>
	<object>
		<name>table_cell</name>
		<pose>Unspecified</pose>
		<truncated>1</truncated>
		<difficult>0</difficult>
		<bndbox>
			<xmin>1</xmin>
			<ymin>223</ymin>
			<xmax>74</xmax>
			<ymax>234</ymax>
		</bndbox>
	</object>
	<object>
		<name>table_cell</name>
		<pose>Unspecified</pose>
		<truncated>0</truncated>
		<difficult>0</difficult>
		<bndbox>
			<xmin>93</xmin>
			<ymin>224</ymin>
			<xmax>131</xmax>
			<ymax>234</ymax>
		</bndbox>
	</object>
	<object>
		<name>table_cell</name>
		<pose>Unspecified</pose>
		<truncated>0</truncated>
		<difficult>0</difficult>
		<bndbox>
			<xmin>169</xmin>
			<ymin>224</ymin>
			<xmax>261</xmax>
			<ymax>236</ymax>
		</bndbox>
	</object>
	<object>
		<name>table_cell</name>
		<pose>Unspecified</pose>
		<truncated>0</truncated>
		<difficult>0</difficult>
		<bndbox>
			<xmin>283</xmin>
			<ymin>224</ymin>
			<xmax>320</xmax>
			<ymax>234</ymax>
		</bndbox>
	</object>
	<object>
		<name>table_cell</name>
		<pose>Unspecified</pose>
		<truncated>0</truncated>
		<difficult>0</difficult>
		<bndbox>
			<xmin>343</xmin>
			<ymin>224</ymin>
			<xmax>387</xmax>
			<ymax>234</ymax>
		</bndbox>
	</object>
	<object>
		<name>table_cell</name>
		<pose>Unspecified</pose>
		<truncated>1</truncated>
		<difficult>0</difficult>
		<bndbox>
			<xmin>1</xmin>
			<ymin>239</ymin>
			<xmax>67</xmax>
			<ymax>250</ymax>
		</bndbox>
	</object>
	<object>
		<name>table_cell</name>
		<pose>Unspecified</pose>
		<truncated>0</truncated>
		<difficult>0</difficult>
		<bndbox>
			<xmin>93</xmin>
			<ymin>240</ymin>
			<xmax>131</xmax>
			<ymax>250</ymax>
		</bndbox>
	</object>
	<object>
		<name>table_cell</name>
		<pose>Unspecified</pose>
		<truncated>0</truncated>
		<difficult>0</difficult>
		<bndbox>
			<xmin>169</xmin>
			<ymin>240</ymin>
			<xmax>266</xmax>
			<ymax>252</ymax>
		</bndbox>
	</object>
	<object>
		<name>table_cell</name>
		<pose>Unspecified</pose>
		<truncated>0</truncated>
		<difficult>0</difficult>
		<bndbox>
			<xmin>283</xmin>
			<ymin>240</ymin>
			<xmax>320</xmax>
			<ymax>250</ymax>
		</bndbox>
	</object>
	<object>
		<name>table_cell</name>
		<pose>Unspecified</pose>
		<truncated>0</truncated>
		<difficult>0</difficult>
		<bndbox>
			<xmin>337</xmin>
			<ymin>240</ymin>
			<xmax>392</xmax>
			<ymax>250</ymax>
		</bndbox>
	</object>
	<object>
		<name>table_cell</name>
		<pose>Unspecified</pose>
		<truncated>1</truncated>
		<difficult>0</difficult>
		<bndbox>
			<xmin>1</xmin>
			<ymin>256</ymin>
			<xmax>74</xmax>
			<ymax>267</ymax>
		</bndbox>
	</object>
	<object>
		<name>table_cell</name>
		<pose>Unspecified</pose>
		<truncated>0</truncated>
		<difficult>0</difficult>
		<bndbox>
			<xmin>93</xmin>
			<ymin>257</ymin>
			<xmax>131</xmax>
			<ymax>267</ymax>
		</bndbox>
	</object>
	<object>
		<name>table_cell</name>
		<pose>Unspecified</pose>
		<truncated>0</truncated>
		<difficult>0</difficult>
		<bndbox>
			<xmin>169</xmin>
			<ymin>257</ymin>
			<xmax>261</xmax>
			<ymax>269</ymax>
		</bndbox>
	</object>
	<object>
		<name>table_cell</name>
		<pose>Unspecified</pose>
		<truncated>0</truncated>
		<difficult>0</difficult>
		<bndbox>
			<xmin>283</xmin>
			<ymin>257</ymin>
			<xmax>320</xmax>
			<ymax>267</ymax>
		</bndbox>
	</object>
	<object>
		<name>table_cell</name>
		<pose>Unspecified</pose>
		<truncated>0</truncated>
		<difficult>0</difficult>
		<bndbox>
			<xmin>337</xmin>
			<ymin>257</ymin>
			<xmax>392</xmax>
			<ymax>267</ymax>
		</bndbox>
	</object>
	<object>
		<name>table_cell</name>
		<pose>Unspecified</pose>
		<truncated>1</truncated>
		<difficult>0</difficult>
		<bndbox>
			<xmin>1</xmin>
			<ymin>272</ymin>
			<xmax>76</xmax>
			<ymax>283</ymax>
		</bndbox>
	</object>
	<object>
		<name>table_cell</name>
		<pose>Unspecified</pose>
		<truncated>0</truncated>
		<difficult>0</difficult>
		<bndbox>
			<xmin>93</xmin>
			<ymin>273</ymin>
			<xmax>131</xmax>
			<ymax>283</ymax>
		</bndbox>
	</object>
	<object>
		<name>table_cell</name>
		<pose>Unspecified</pose>
		<truncated>0</truncated>
		<difficult>0</difficult>
		<bndbox>
			<xmin>169</xmin>
			<ymin>273</ymin>
			<xmax>261</xmax>
			<ymax>285</ymax>
		</bndbox>
	</object>
	<object>
		<name>table_cell</name>
		<pose>Unspecified</pose>
		<truncated>0</truncated>
		<difficult>0</difficult>
		<bndbox>
			<xmin>283</xmin>
			<ymin>273</ymin>
			<xmax>320</xmax>
			<ymax>283</ymax>
		</bndbox>
	</object>
	<object>
		<name>table_cell</name>
		<pose>Unspecified</pose>
		<truncated>0</truncated>
		<difficult>0</difficult>
		<bndbox>
			<xmin>337</xmin>
			<ymin>273</ymin>
			<xmax>392</xmax>
			<ymax>283</ymax>
		</bndbox>
	</object>
</annotation>
