<annotation>
	<folder>images</folder>
	<filename>1407.1894.table_0.png</filename>
	<path>E:\TableBank-Recognition\recognition_sampled\images\1407.1894.table_0.png</path>
	<source>
		<database>Unknown</database>
	</source>
	<size>
		<width>409</width>
		<height>186</height>
		<depth>1</depth>
	</size>
	<segmented>0</segmented>
	<object>
		<name>table_cell</name>
		<pose>Unspecified</pose>
		<truncated>0</truncated>
		<difficult>0</difficult>
		<bndbox>
			<xmin>9</xmin>
			<ymin>2</ymin>
			<xmax>45</xmax>
			<ymax>13</ymax>
		</bndbox>
	</object>
	<object>
		<name>table_cell</name>
		<pose>Unspecified</pose>
		<truncated>1</truncated>
		<difficult>0</difficult>
		<bndbox>
			<xmin>188</xmin>
			<ymin>1</ymin>
			<xmax>224</xmax>
			<ymax>31</ymax>
		</bndbox>
	</object>
	<object>
		<name>table_cell</name>
		<pose>Unspecified</pose>
		<truncated>1</truncated>
		<difficult>0</difficult>
		<bndbox>
			<xmin>244</xmin>
			<ymin>1</ymin>
			<xmax>281</xmax>
			<ymax>32</ymax>
		</bndbox>
	</object>
	<object>
		<name>table_cell</name>
		<pose>Unspecified</pose>
		<truncated>1</truncated>
		<difficult>0</difficult>
		<bndbox>
			<xmin>302</xmin>
			<ymin>1</ymin>
			<xmax>340</xmax>
			<ymax>32</ymax>
		</bndbox>
	</object>
	<object>
		<name>table_cell</name>
		<pose>Unspecified</pose>
		<truncated>1</truncated>
		<difficult>0</difficult>
		<bndbox>
			<xmin>361</xmin>
			<ymin>1</ymin>
			<xmax>399</xmax>
			<ymax>32</ymax>
		</bndbox>
	</object>
	<object>
		<name>table_cell</name>
		<pose>Unspecified</pose>
		<truncated>1</truncated>
		<difficult>0</difficult>
		<bndbox>
			<xmin>129</xmin>
			<ymin>1</ymin>
			<xmax>170</xmax>
			<ymax>33</ymax>
		</bndbox>
	</object>
	<object>
		<name>table_cell</name>
		<pose>Unspecified</pose>
		<truncated>0</truncated>
		<difficult>0</difficult>
		<bndbox>
			<xmin>10</xmin>
			<ymin>35</ymin>
			<xmax>55</xmax>
			<ymax>50</ymax>
		</bndbox>
	</object>
	<object>
		<name>table_cell</name>
		<pose>Unspecified</pose>
		<truncated>0</truncated>
		<difficult>0</difficult>
		<bndbox>
			<xmin>135</xmin>
			<ymin>35</ymin>
			<xmax>165</xmax>
			<ymax>47</ymax>
		</bndbox>
	</object>
	<object>
		<name>table_cell</name>
		<pose>Unspecified</pose>
		<truncated>0</truncated>
		<difficult>0</difficult>
		<bndbox>
			<xmin>247</xmin>
			<ymin>35</ymin>
			<xmax>278</xmax>
			<ymax>47</ymax>
		</bndbox>
	</object>
	<object>
		<name>table_cell</name>
		<pose>Unspecified</pose>
		<truncated>0</truncated>
		<difficult>0</difficult>
		<bndbox>
			<xmin>306</xmin>
			<ymin>35</ymin>
			<xmax>337</xmax>
			<ymax>47</ymax>
		</bndbox>
	</object>
	<object>
		<name>table_cell</name>
		<pose>Unspecified</pose>
		<truncated>0</truncated>
		<difficult>0</difficult>
		<bndbox>
			<xmin>366</xmin>
			<ymin>35</ymin>
			<xmax>396</xmax>
			<ymax>47</ymax>
		</bndbox>
	</object>
	<object>
		<name>table_cell</name>
		<pose>Unspecified</pose>
		<truncated>0</truncated>
		<difficult>0</difficult>
		<bndbox>
			<xmin>191</xmin>
			<ymin>37</ymin>
			<xmax>221</xmax>
			<ymax>47</ymax>
		</bndbox>
	</object>
	<object>
		<name>table_cell</name>
		<pose>Unspecified</pose>
		<truncated>0</truncated>
		<difficult>0</difficult>
		<bndbox>
			<xmin>10</xmin>
			<ymin>51</ymin>
			<xmax>55</xmax>
			<ymax>67</ymax>
		</bndbox>
	</object>
	<object>
		<name>table_cell</name>
		<pose>Unspecified</pose>
		<truncated>0</truncated>
		<difficult>0</difficult>
		<bndbox>
			<xmin>191</xmin>
			<ymin>51</ymin>
			<xmax>222</xmax>
			<ymax>64</ymax>
		</bndbox>
	</object>
	<object>
		<name>table_cell</name>
		<pose>Unspecified</pose>
		<truncated>0</truncated>
		<difficult>0</difficult>
		<bndbox>
			<xmin>247</xmin>
			<ymin>51</ymin>
			<xmax>278</xmax>
			<ymax>64</ymax>
		</bndbox>
	</object>
	<object>
		<name>table_cell</name>
		<pose>Unspecified</pose>
		<truncated>0</truncated>
		<difficult>0</difficult>
		<bndbox>
			<xmin>306</xmin>
			<ymin>51</ymin>
			<xmax>337</xmax>
			<ymax>64</ymax>
		</bndbox>
	</object>
	<object>
		<name>table_cell</name>
		<pose>Unspecified</pose>
		<truncated>0</truncated>
		<difficult>0</difficult>
		<bndbox>
			<xmin>366</xmin>
			<ymin>51</ymin>
			<xmax>396</xmax>
			<ymax>64</ymax>
		</bndbox>
	</object>
	<object>
		<name>table_cell</name>
		<pose>Unspecified</pose>
		<truncated>0</truncated>
		<difficult>0</difficult>
		<bndbox>
			<xmin>135</xmin>
			<ymin>54</ymin>
			<xmax>166</xmax>
			<ymax>64</ymax>
		</bndbox>
	</object>
	<object>
		<name>table_cell</name>
		<pose>Unspecified</pose>
		<truncated>0</truncated>
		<difficult>0</difficult>
		<bndbox>
			<xmin>9</xmin>
			<ymin>68</ymin>
			<xmax>41</xmax>
			<ymax>83</ymax>
		</bndbox>
	</object>
	<object>
		<name>table_cell</name>
		<pose>Unspecified</pose>
		<truncated>0</truncated>
		<difficult>0</difficult>
		<bndbox>
			<xmin>192</xmin>
			<ymin>68</ymin>
			<xmax>222</xmax>
			<ymax>81</ymax>
		</bndbox>
	</object>
	<object>
		<name>table_cell</name>
		<pose>Unspecified</pose>
		<truncated>0</truncated>
		<difficult>0</difficult>
		<bndbox>
			<xmin>248</xmin>
			<ymin>68</ymin>
			<xmax>278</xmax>
			<ymax>81</ymax>
		</bndbox>
	</object>
	<object>
		<name>table_cell</name>
		<pose>Unspecified</pose>
		<truncated>0</truncated>
		<difficult>0</difficult>
		<bndbox>
			<xmin>306</xmin>
			<ymin>68</ymin>
			<xmax>337</xmax>
			<ymax>81</ymax>
		</bndbox>
	</object>
	<object>
		<name>table_cell</name>
		<pose>Unspecified</pose>
		<truncated>0</truncated>
		<difficult>0</difficult>
		<bndbox>
			<xmin>366</xmin>
			<ymin>68</ymin>
			<xmax>396</xmax>
			<ymax>81</ymax>
		</bndbox>
	</object>
	<object>
		<name>table_cell</name>
		<pose>Unspecified</pose>
		<truncated>0</truncated>
		<difficult>0</difficult>
		<bndbox>
			<xmin>135</xmin>
			<ymin>71</ymin>
			<xmax>166</xmax>
			<ymax>81</ymax>
		</bndbox>
	</object>
	<object>
		<name>table_cell</name>
		<pose>Unspecified</pose>
		<truncated>0</truncated>
		<difficult>0</difficult>
		<bndbox>
			<xmin>191</xmin>
			<ymin>86</ymin>
			<xmax>221</xmax>
			<ymax>98</ymax>
		</bndbox>
	</object>
	<object>
		<name>table_cell</name>
		<pose>Unspecified</pose>
		<truncated>0</truncated>
		<difficult>0</difficult>
		<bndbox>
			<xmin>248</xmin>
			<ymin>88</ymin>
			<xmax>278</xmax>
			<ymax>98</ymax>
		</bndbox>
	</object>
	<object>
		<name>table_cell</name>
		<pose>Unspecified</pose>
		<truncated>0</truncated>
		<difficult>0</difficult>
		<bndbox>
			<xmin>307</xmin>
			<ymin>88</ymin>
			<xmax>336</xmax>
			<ymax>98</ymax>
		</bndbox>
	</object>
	<object>
		<name>table_cell</name>
		<pose>Unspecified</pose>
		<truncated>0</truncated>
		<difficult>0</difficult>
		<bndbox>
			<xmin>366</xmin>
			<ymin>88</ymin>
			<xmax>393</xmax>
			<ymax>98</ymax>
		</bndbox>
	</object>
	<object>
		<name>table_cell</name>
		<pose>Unspecified</pose>
		<truncated>0</truncated>
		<difficult>0</difficult>
		<bndbox>
			<xmin>147</xmin>
			<ymin>93</ymin>
			<xmax>154</xmax>
			<ymax>95</ymax>
		</bndbox>
	</object>
	<object>
		<name>table_cell</name>
		<pose>Unspecified</pose>
		<truncated>0</truncated>
		<difficult>0</difficult>
		<bndbox>
			<xmin>191</xmin>
			<ymin>102</ymin>
			<xmax>222</xmax>
			<ymax>115</ymax>
		</bndbox>
	</object>
	<object>
		<name>table_cell</name>
		<pose>Unspecified</pose>
		<truncated>0</truncated>
		<difficult>0</difficult>
		<bndbox>
			<xmin>247</xmin>
			<ymin>102</ymin>
			<xmax>278</xmax>
			<ymax>115</ymax>
		</bndbox>
	</object>
	<object>
		<name>table_cell</name>
		<pose>Unspecified</pose>
		<truncated>0</truncated>
		<difficult>0</difficult>
		<bndbox>
			<xmin>306</xmin>
			<ymin>102</ymin>
			<xmax>337</xmax>
			<ymax>115</ymax>
		</bndbox>
	</object>
	<object>
		<name>table_cell</name>
		<pose>Unspecified</pose>
		<truncated>0</truncated>
		<difficult>0</difficult>
		<bndbox>
			<xmin>365</xmin>
			<ymin>102</ymin>
			<xmax>396</xmax>
			<ymax>115</ymax>
		</bndbox>
	</object>
	<object>
		<name>table_cell</name>
		<pose>Unspecified</pose>
		<truncated>0</truncated>
		<difficult>0</difficult>
		<bndbox>
			<xmin>9</xmin>
			<ymin>104</ymin>
			<xmax>96</xmax>
			<ymax>117</ymax>
		</bndbox>
	</object>
	<object>
		<name>table_cell</name>
		<pose>Unspecified</pose>
		<truncated>0</truncated>
		<difficult>0</difficult>
		<bndbox>
			<xmin>147</xmin>
			<ymin>110</ymin>
			<xmax>154</xmax>
			<ymax>112</ymax>
		</bndbox>
	</object>
	<object>
		<name>table_cell</name>
		<pose>Unspecified</pose>
		<truncated>0</truncated>
		<difficult>0</difficult>
		<bndbox>
			<xmin>191</xmin>
			<ymin>121</ymin>
			<xmax>219</xmax>
			<ymax>131</ymax>
		</bndbox>
	</object>
	<object>
		<name>table_cell</name>
		<pose>Unspecified</pose>
		<truncated>0</truncated>
		<difficult>0</difficult>
		<bndbox>
			<xmin>248</xmin>
			<ymin>121</ymin>
			<xmax>278</xmax>
			<ymax>131</ymax>
		</bndbox>
	</object>
	<object>
		<name>table_cell</name>
		<pose>Unspecified</pose>
		<truncated>0</truncated>
		<difficult>0</difficult>
		<bndbox>
			<xmin>307</xmin>
			<ymin>121</ymin>
			<xmax>336</xmax>
			<ymax>131</ymax>
		</bndbox>
	</object>
	<object>
		<name>table_cell</name>
		<pose>Unspecified</pose>
		<truncated>0</truncated>
		<difficult>0</difficult>
		<bndbox>
			<xmin>365</xmin>
			<ymin>121</ymin>
			<xmax>393</xmax>
			<ymax>131</ymax>
		</bndbox>
	</object>
	<object>
		<name>table_cell</name>
		<pose>Unspecified</pose>
		<truncated>0</truncated>
		<difficult>0</difficult>
		<bndbox>
			<xmin>147</xmin>
			<ymin>126</ymin>
			<xmax>154</xmax>
			<ymax>128</ymax>
		</bndbox>
	</object>
	<object>
		<name>table_cell</name>
		<pose>Unspecified</pose>
		<truncated>0</truncated>
		<difficult>0</difficult>
		<bndbox>
			<xmin>191</xmin>
			<ymin>135</ymin>
			<xmax>222</xmax>
			<ymax>148</ymax>
		</bndbox>
	</object>
	<object>
		<name>table_cell</name>
		<pose>Unspecified</pose>
		<truncated>0</truncated>
		<difficult>0</difficult>
		<bndbox>
			<xmin>247</xmin>
			<ymin>135</ymin>
			<xmax>278</xmax>
			<ymax>148</ymax>
		</bndbox>
	</object>
	<object>
		<name>table_cell</name>
		<pose>Unspecified</pose>
		<truncated>0</truncated>
		<difficult>0</difficult>
		<bndbox>
			<xmin>306</xmin>
			<ymin>135</ymin>
			<xmax>337</xmax>
			<ymax>148</ymax>
		</bndbox>
	</object>
	<object>
		<name>table_cell</name>
		<pose>Unspecified</pose>
		<truncated>0</truncated>
		<difficult>0</difficult>
		<bndbox>
			<xmin>365</xmin>
			<ymin>135</ymin>
			<xmax>396</xmax>
			<ymax>148</ymax>
		</bndbox>
	</object>
	<object>
		<name>table_cell</name>
		<pose>Unspecified</pose>
		<truncated>0</truncated>
		<difficult>0</difficult>
		<bndbox>
			<xmin>135</xmin>
			<ymin>136</ymin>
			<xmax>165</xmax>
			<ymax>148</ymax>
		</bndbox>
	</object>
	<object>
		<name>table_cell</name>
		<pose>Unspecified</pose>
		<truncated>0</truncated>
		<difficult>0</difficult>
		<bndbox>
			<xmin>9</xmin>
			<ymin>137</ymin>
			<xmax>101</xmax>
			<ymax>150</ymax>
		</bndbox>
	</object>
	<object>
		<name>table_cell</name>
		<pose>Unspecified</pose>
		<truncated>0</truncated>
		<difficult>0</difficult>
		<bndbox>
			<xmin>191</xmin>
			<ymin>152</ymin>
			<xmax>222</xmax>
			<ymax>165</ymax>
		</bndbox>
	</object>
	<object>
		<name>table_cell</name>
		<pose>Unspecified</pose>
		<truncated>0</truncated>
		<difficult>0</difficult>
		<bndbox>
			<xmin>243</xmin>
			<ymin>152</ymin>
			<xmax>284</xmax>
			<ymax>165</ymax>
		</bndbox>
	</object>
	<object>
		<name>table_cell</name>
		<pose>Unspecified</pose>
		<truncated>0</truncated>
		<difficult>0</difficult>
		<bndbox>
			<xmin>302</xmin>
			<ymin>152</ymin>
			<xmax>343</xmax>
			<ymax>165</ymax>
		</bndbox>
	</object>
	<object>
		<name>table_cell</name>
		<pose>Unspecified</pose>
		<truncated>0</truncated>
		<difficult>0</difficult>
		<bndbox>
			<xmin>360</xmin>
			<ymin>152</ymin>
			<xmax>401</xmax>
			<ymax>165</ymax>
		</bndbox>
	</object>
	<object>
		<name>table_cell</name>
		<pose>Unspecified</pose>
		<truncated>0</truncated>
		<difficult>0</difficult>
		<bndbox>
			<xmin>9</xmin>
			<ymin>154</ymin>
			<xmax>113</xmax>
			<ymax>168</ymax>
		</bndbox>
	</object>
	<object>
		<name>table_cell</name>
		<pose>Unspecified</pose>
		<truncated>0</truncated>
		<difficult>0</difficult>
		<bndbox>
			<xmin>147</xmin>
			<ymin>160</ymin>
			<xmax>154</xmax>
			<ymax>162</ymax>
		</bndbox>
	</object>
	<object>
		<name>table_cell</name>
		<pose>Unspecified</pose>
		<truncated>0</truncated>
		<difficult>0</difficult>
		<bndbox>
			<xmin>191</xmin>
			<ymin>171</ymin>
			<xmax>219</xmax>
			<ymax>181</ymax>
		</bndbox>
	</object>
	<object>
		<name>table_cell</name>
		<pose>Unspecified</pose>
		<truncated>0</truncated>
		<difficult>0</difficult>
		<bndbox>
			<xmin>243</xmin>
			<ymin>171</ymin>
			<xmax>283</xmax>
			<ymax>181</ymax>
		</bndbox>
	</object>
	<object>
		<name>table_cell</name>
		<pose>Unspecified</pose>
		<truncated>0</truncated>
		<difficult>0</difficult>
		<bndbox>
			<xmin>302</xmin>
			<ymin>171</ymin>
			<xmax>342</xmax>
			<ymax>181</ymax>
		</bndbox>
	</object>
	<object>
		<name>table_cell</name>
		<pose>Unspecified</pose>
		<truncated>0</truncated>
		<difficult>0</difficult>
		<bndbox>
			<xmin>361</xmin>
			<ymin>171</ymin>
			<xmax>400</xmax>
			<ymax>181</ymax>
		</bndbox>
	</object>
	<object>
		<name>table_cell</name>
		<pose>Unspecified</pose>
		<truncated>0</truncated>
		<difficult>0</difficult>
		<bndbox>
			<xmin>147</xmin>
			<ymin>176</ymin>
			<xmax>154</xmax>
			<ymax>178</ymax>
		</bndbox>
	</object>
</annotation>
