<annotation>
	<folder>images</folder>
	<filename>1407.2000.table_0.png</filename>
	<path>E:\TableBank-Recognition\recognition_sampled\images\1407.2000.table_0.png</path>
	<source>
		<database>Unknown</database>
	</source>
	<size>
		<width>566</width>
		<height>207</height>
		<depth>1</depth>
	</size>
	<segmented>0</segmented>
	<object>
		<name>table_cell</name>
		<pose>Unspecified</pose>
		<truncated>0</truncated>
		<difficult>0</difficult>
		<bndbox>
			<xmin>9</xmin>
			<ymin>5</ymin>
			<xmax>60</xmax>
			<ymax>35</ymax>
		</bndbox>
	</object>
	<object>
		<name>table_cell</name>
		<pose>Unspecified</pose>
		<truncated>0</truncated>
		<difficult>0</difficult>
		<bndbox>
			<xmin>77</xmin>
			<ymin>5</ymin>
			<xmax>151</xmax>
			<ymax>19</ymax>
		</bndbox>
	</object>
	<object>
		<name>table_cell</name>
		<pose>Unspecified</pose>
		<truncated>0</truncated>
		<difficult>0</difficult>
		<bndbox>
			<xmin>167</xmin>
			<ymin>5</ymin>
			<xmax>187</xmax>
			<ymax>16</ymax>
		</bndbox>
	</object>
	<object>
		<name>table_cell</name>
		<pose>Unspecified</pose>
		<truncated>0</truncated>
		<difficult>0</difficult>
		<bndbox>
			<xmin>205</xmin>
			<ymin>5</ymin>
			<xmax>318</xmax>
			<ymax>35</ymax>
		</bndbox>
	</object>
	<object>
		<name>table_cell</name>
		<pose>Unspecified</pose>
		<truncated>0</truncated>
		<difficult>0</difficult>
		<bndbox>
			<xmin>336</xmin>
			<ymin>5</ymin>
			<xmax>370</xmax>
			<ymax>16</ymax>
		</bndbox>
	</object>
	<object>
		<name>table_cell</name>
		<pose>Unspecified</pose>
		<truncated>0</truncated>
		<difficult>0</difficult>
		<bndbox>
			<xmin>419</xmin>
			<ymin>5</ymin>
			<xmax>527</xmax>
			<ymax>19</ymax>
		</bndbox>
	</object>
	<object>
		<name>table_cell</name>
		<pose>Unspecified</pose>
		<truncated>0</truncated>
		<difficult>0</difficult>
		<bndbox>
			<xmin>386</xmin>
			<ymin>23</ymin>
			<xmax>415</xmax>
			<ymax>33</ymax>
		</bndbox>
	</object>
	<object>
		<name>table_cell</name>
		<pose>Unspecified</pose>
		<truncated>0</truncated>
		<difficult>0</difficult>
		<bndbox>
			<xmin>431</xmin>
			<ymin>26</ymin>
			<xmax>439</xmax>
			<ymax>33</ymax>
		</bndbox>
	</object>
	<object>
		<name>table_cell</name>
		<pose>Unspecified</pose>
		<truncated>0</truncated>
		<difficult>0</difficult>
		<bndbox>
			<xmin>479</xmin>
			<ymin>26</ymin>
			<xmax>487</xmax>
			<ymax>36</ymax>
		</bndbox>
	</object>
	<object>
		<name>table_cell</name>
		<pose>Unspecified</pose>
		<truncated>0</truncated>
		<difficult>0</difficult>
		<bndbox>
			<xmin>528</xmin>
			<ymin>26</ymin>
			<xmax>534</xmax>
			<ymax>33</ymax>
		</bndbox>
	</object>
	<object>
		<name>table_cell</name>
		<pose>Unspecified</pose>
		<truncated>0</truncated>
		<difficult>0</difficult>
		<bndbox>
			<xmin>97</xmin>
			<ymin>38</ymin>
			<xmax>131</xmax>
			<ymax>50</ymax>
		</bndbox>
	</object>
	<object>
		<name>table_cell</name>
		<pose>Unspecified</pose>
		<truncated>0</truncated>
		<difficult>0</difficult>
		<bndbox>
			<xmin>336</xmin>
			<ymin>39</ymin>
			<xmax>352</xmax>
			<ymax>50</ymax>
		</bndbox>
	</object>
	<object>
		<name>table_cell</name>
		<pose>Unspecified</pose>
		<truncated>0</truncated>
		<difficult>0</difficult>
		<bndbox>
			<xmin>29</xmin>
			<ymin>40</ymin>
			<xmax>42</xmax>
			<ymax>50</ymax>
		</bndbox>
	</object>
	<object>
		<name>table_cell</name>
		<pose>Unspecified</pose>
		<truncated>0</truncated>
		<difficult>0</difficult>
		<bndbox>
			<xmin>168</xmin>
			<ymin>40</ymin>
			<xmax>188</xmax>
			<ymax>50</ymax>
		</bndbox>
	</object>
	<object>
		<name>table_cell</name>
		<pose>Unspecified</pose>
		<truncated>0</truncated>
		<difficult>0</difficult>
		<bndbox>
			<xmin>233</xmin>
			<ymin>40</ymin>
			<xmax>292</xmax>
			<ymax>50</ymax>
		</bndbox>
	</object>
	<object>
		<name>table_cell</name>
		<pose>Unspecified</pose>
		<truncated>0</truncated>
		<difficult>0</difficult>
		<bndbox>
			<xmin>388</xmin>
			<ymin>40</ymin>
			<xmax>401</xmax>
			<ymax>50</ymax>
		</bndbox>
	</object>
	<object>
		<name>table_cell</name>
		<pose>Unspecified</pose>
		<truncated>0</truncated>
		<difficult>0</difficult>
		<bndbox>
			<xmin>431</xmin>
			<ymin>40</ymin>
			<xmax>439</xmax>
			<ymax>50</ymax>
		</bndbox>
	</object>
	<object>
		<name>table_cell</name>
		<pose>Unspecified</pose>
		<truncated>0</truncated>
		<difficult>0</difficult>
		<bndbox>
			<xmin>479</xmin>
			<ymin>40</ymin>
			<xmax>487</xmax>
			<ymax>50</ymax>
		</bndbox>
	</object>
	<object>
		<name>table_cell</name>
		<pose>Unspecified</pose>
		<truncated>0</truncated>
		<difficult>0</difficult>
		<bndbox>
			<xmin>528</xmin>
			<ymin>40</ymin>
			<xmax>535</xmax>
			<ymax>50</ymax>
		</bndbox>
	</object>
	<object>
		<name>table_cell</name>
		<pose>Unspecified</pose>
		<truncated>0</truncated>
		<difficult>0</difficult>
		<bndbox>
			<xmin>336</xmin>
			<ymin>56</ymin>
			<xmax>346</xmax>
			<ymax>67</ymax>
		</bndbox>
	</object>
	<object>
		<name>table_cell</name>
		<pose>Unspecified</pose>
		<truncated>0</truncated>
		<difficult>0</difficult>
		<bndbox>
			<xmin>387</xmin>
			<ymin>56</ymin>
			<xmax>402</xmax>
			<ymax>67</ymax>
		</bndbox>
	</object>
	<object>
		<name>table_cell</name>
		<pose>Unspecified</pose>
		<truncated>0</truncated>
		<difficult>0</difficult>
		<bndbox>
			<xmin>234</xmin>
			<ymin>57</ymin>
			<xmax>292</xmax>
			<ymax>67</ymax>
		</bndbox>
	</object>
	<object>
		<name>table_cell</name>
		<pose>Unspecified</pose>
		<truncated>0</truncated>
		<difficult>0</difficult>
		<bndbox>
			<xmin>431</xmin>
			<ymin>57</ymin>
			<xmax>463</xmax>
			<ymax>67</ymax>
		</bndbox>
	</object>
	<object>
		<name>table_cell</name>
		<pose>Unspecified</pose>
		<truncated>0</truncated>
		<difficult>0</difficult>
		<bndbox>
			<xmin>479</xmin>
			<ymin>57</ymin>
			<xmax>511</xmax>
			<ymax>67</ymax>
		</bndbox>
	</object>
	<object>
		<name>table_cell</name>
		<pose>Unspecified</pose>
		<truncated>0</truncated>
		<difficult>0</difficult>
		<bndbox>
			<xmin>528</xmin>
			<ymin>57</ymin>
			<xmax>558</xmax>
			<ymax>67</ymax>
		</bndbox>
	</object>
	<object>
		<name>table_cell</name>
		<pose>Unspecified</pose>
		<truncated>0</truncated>
		<difficult>0</difficult>
		<bndbox>
			<xmin>100</xmin>
			<ymin>71</ymin>
			<xmax>128</xmax>
			<ymax>83</ymax>
		</bndbox>
	</object>
	<object>
		<name>table_cell</name>
		<pose>Unspecified</pose>
		<truncated>0</truncated>
		<difficult>0</difficult>
		<bndbox>
			<xmin>336</xmin>
			<ymin>72</ymin>
			<xmax>352</xmax>
			<ymax>83</ymax>
		</bndbox>
	</object>
	<object>
		<name>table_cell</name>
		<pose>Unspecified</pose>
		<truncated>0</truncated>
		<difficult>0</difficult>
		<bndbox>
			<xmin>388</xmin>
			<ymin>72</ymin>
			<xmax>401</xmax>
			<ymax>83</ymax>
		</bndbox>
	</object>
	<object>
		<name>table_cell</name>
		<pose>Unspecified</pose>
		<truncated>0</truncated>
		<difficult>0</difficult>
		<bndbox>
			<xmin>25</xmin>
			<ymin>73</ymin>
			<xmax>45</xmax>
			<ymax>83</ymax>
		</bndbox>
	</object>
	<object>
		<name>table_cell</name>
		<pose>Unspecified</pose>
		<truncated>0</truncated>
		<difficult>0</difficult>
		<bndbox>
			<xmin>168</xmin>
			<ymin>73</ymin>
			<xmax>189</xmax>
			<ymax>83</ymax>
		</bndbox>
	</object>
	<object>
		<name>table_cell</name>
		<pose>Unspecified</pose>
		<truncated>0</truncated>
		<difficult>0</difficult>
		<bndbox>
			<xmin>233</xmin>
			<ymin>73</ymin>
			<xmax>292</xmax>
			<ymax>83</ymax>
		</bndbox>
	</object>
	<object>
		<name>table_cell</name>
		<pose>Unspecified</pose>
		<truncated>0</truncated>
		<difficult>0</difficult>
		<bndbox>
			<xmin>431</xmin>
			<ymin>73</ymin>
			<xmax>439</xmax>
			<ymax>83</ymax>
		</bndbox>
	</object>
	<object>
		<name>table_cell</name>
		<pose>Unspecified</pose>
		<truncated>0</truncated>
		<difficult>0</difficult>
		<bndbox>
			<xmin>479</xmin>
			<ymin>73</ymin>
			<xmax>487</xmax>
			<ymax>83</ymax>
		</bndbox>
	</object>
	<object>
		<name>table_cell</name>
		<pose>Unspecified</pose>
		<truncated>0</truncated>
		<difficult>0</difficult>
		<bndbox>
			<xmin>528</xmin>
			<ymin>73</ymin>
			<xmax>545</xmax>
			<ymax>83</ymax>
		</bndbox>
	</object>
	<object>
		<name>table_cell</name>
		<pose>Unspecified</pose>
		<truncated>0</truncated>
		<difficult>0</difficult>
		<bndbox>
			<xmin>336</xmin>
			<ymin>89</ymin>
			<xmax>346</xmax>
			<ymax>100</ymax>
		</bndbox>
	</object>
	<object>
		<name>table_cell</name>
		<pose>Unspecified</pose>
		<truncated>0</truncated>
		<difficult>0</difficult>
		<bndbox>
			<xmin>234</xmin>
			<ymin>90</ymin>
			<xmax>292</xmax>
			<ymax>100</ymax>
		</bndbox>
	</object>
	<object>
		<name>table_cell</name>
		<pose>Unspecified</pose>
		<truncated>0</truncated>
		<difficult>0</difficult>
		<bndbox>
			<xmin>387</xmin>
			<ymin>90</ymin>
			<xmax>401</xmax>
			<ymax>100</ymax>
		</bndbox>
	</object>
	<object>
		<name>table_cell</name>
		<pose>Unspecified</pose>
		<truncated>0</truncated>
		<difficult>0</difficult>
		<bndbox>
			<xmin>431</xmin>
			<ymin>90</ymin>
			<xmax>439</xmax>
			<ymax>100</ymax>
		</bndbox>
	</object>
	<object>
		<name>table_cell</name>
		<pose>Unspecified</pose>
		<truncated>0</truncated>
		<difficult>0</difficult>
		<bndbox>
			<xmin>479</xmin>
			<ymin>90</ymin>
			<xmax>487</xmax>
			<ymax>100</ymax>
		</bndbox>
	</object>
	<object>
		<name>table_cell</name>
		<pose>Unspecified</pose>
		<truncated>0</truncated>
		<difficult>0</difficult>
		<bndbox>
			<xmin>528</xmin>
			<ymin>90</ymin>
			<xmax>559</xmax>
			<ymax>100</ymax>
		</bndbox>
	</object>
	<object>
		<name>table_cell</name>
		<pose>Unspecified</pose>
		<truncated>0</truncated>
		<difficult>0</difficult>
		<bndbox>
			<xmin>95</xmin>
			<ymin>105</ymin>
			<xmax>133</xmax>
			<ymax>116</ymax>
		</bndbox>
	</object>
	<object>
		<name>table_cell</name>
		<pose>Unspecified</pose>
		<truncated>0</truncated>
		<difficult>0</difficult>
		<bndbox>
			<xmin>336</xmin>
			<ymin>105</ymin>
			<xmax>352</xmax>
			<ymax>116</ymax>
		</bndbox>
	</object>
	<object>
		<name>table_cell</name>
		<pose>Unspecified</pose>
		<truncated>0</truncated>
		<difficult>0</difficult>
		<bndbox>
			<xmin>25</xmin>
			<ymin>106</ymin>
			<xmax>45</xmax>
			<ymax>116</ymax>
		</bndbox>
	</object>
	<object>
		<name>table_cell</name>
		<pose>Unspecified</pose>
		<truncated>0</truncated>
		<difficult>0</difficult>
		<bndbox>
			<xmin>171</xmin>
			<ymin>106</ymin>
			<xmax>185</xmax>
			<ymax>116</ymax>
		</bndbox>
	</object>
	<object>
		<name>table_cell</name>
		<pose>Unspecified</pose>
		<truncated>0</truncated>
		<difficult>0</difficult>
		<bndbox>
			<xmin>233</xmin>
			<ymin>106</ymin>
			<xmax>292</xmax>
			<ymax>116</ymax>
		</bndbox>
	</object>
	<object>
		<name>table_cell</name>
		<pose>Unspecified</pose>
		<truncated>0</truncated>
		<difficult>0</difficult>
		<bndbox>
			<xmin>386</xmin>
			<ymin>106</ymin>
			<xmax>401</xmax>
			<ymax>119</ymax>
		</bndbox>
	</object>
	<object>
		<name>table_cell</name>
		<pose>Unspecified</pose>
		<truncated>0</truncated>
		<difficult>0</difficult>
		<bndbox>
			<xmin>431</xmin>
			<ymin>106</ymin>
			<xmax>439</xmax>
			<ymax>116</ymax>
		</bndbox>
	</object>
	<object>
		<name>table_cell</name>
		<pose>Unspecified</pose>
		<truncated>0</truncated>
		<difficult>0</difficult>
		<bndbox>
			<xmin>479</xmin>
			<ymin>106</ymin>
			<xmax>511</xmax>
			<ymax>116</ymax>
		</bndbox>
	</object>
	<object>
		<name>table_cell</name>
		<pose>Unspecified</pose>
		<truncated>0</truncated>
		<difficult>0</difficult>
		<bndbox>
			<xmin>528</xmin>
			<ymin>106</ymin>
			<xmax>552</xmax>
			<ymax>116</ymax>
		</bndbox>
	</object>
	<object>
		<name>table_cell</name>
		<pose>Unspecified</pose>
		<truncated>0</truncated>
		<difficult>0</difficult>
		<bndbox>
			<xmin>234</xmin>
			<ymin>122</ymin>
			<xmax>292</xmax>
			<ymax>133</ymax>
		</bndbox>
	</object>
	<object>
		<name>table_cell</name>
		<pose>Unspecified</pose>
		<truncated>0</truncated>
		<difficult>0</difficult>
		<bndbox>
			<xmin>336</xmin>
			<ymin>122</ymin>
			<xmax>352</xmax>
			<ymax>133</ymax>
		</bndbox>
	</object>
	<object>
		<name>table_cell</name>
		<pose>Unspecified</pose>
		<truncated>0</truncated>
		<difficult>0</difficult>
		<bndbox>
			<xmin>386</xmin>
			<ymin>122</ymin>
			<xmax>401</xmax>
			<ymax>136</ymax>
		</bndbox>
	</object>
	<object>
		<name>table_cell</name>
		<pose>Unspecified</pose>
		<truncated>0</truncated>
		<difficult>0</difficult>
		<bndbox>
			<xmin>431</xmin>
			<ymin>123</ymin>
			<xmax>439</xmax>
			<ymax>133</ymax>
		</bndbox>
	</object>
	<object>
		<name>table_cell</name>
		<pose>Unspecified</pose>
		<truncated>0</truncated>
		<difficult>0</difficult>
		<bndbox>
			<xmin>479</xmin>
			<ymin>123</ymin>
			<xmax>497</xmax>
			<ymax>133</ymax>
		</bndbox>
	</object>
	<object>
		<name>table_cell</name>
		<pose>Unspecified</pose>
		<truncated>0</truncated>
		<difficult>0</difficult>
		<bndbox>
			<xmin>529</xmin>
			<ymin>123</ymin>
			<xmax>534</xmax>
			<ymax>133</ymax>
		</bndbox>
	</object>
	<object>
		<name>table_cell</name>
		<pose>Unspecified</pose>
		<truncated>0</truncated>
		<difficult>0</difficult>
		<bndbox>
			<xmin>336</xmin>
			<ymin>139</ymin>
			<xmax>353</xmax>
			<ymax>150</ymax>
		</bndbox>
	</object>
	<object>
		<name>table_cell</name>
		<pose>Unspecified</pose>
		<truncated>0</truncated>
		<difficult>0</difficult>
		<bndbox>
			<xmin>234</xmin>
			<ymin>140</ymin>
			<xmax>292</xmax>
			<ymax>150</ymax>
		</bndbox>
	</object>
	<object>
		<name>table_cell</name>
		<pose>Unspecified</pose>
		<truncated>0</truncated>
		<difficult>0</difficult>
		<bndbox>
			<xmin>386</xmin>
			<ymin>140</ymin>
			<xmax>401</xmax>
			<ymax>153</ymax>
		</bndbox>
	</object>
	<object>
		<name>table_cell</name>
		<pose>Unspecified</pose>
		<truncated>0</truncated>
		<difficult>0</difficult>
		<bndbox>
			<xmin>431</xmin>
			<ymin>140</ymin>
			<xmax>439</xmax>
			<ymax>150</ymax>
		</bndbox>
	</object>
	<object>
		<name>table_cell</name>
		<pose>Unspecified</pose>
		<truncated>0</truncated>
		<difficult>0</difficult>
		<bndbox>
			<xmin>479</xmin>
			<ymin>140</ymin>
			<xmax>511</xmax>
			<ymax>150</ymax>
		</bndbox>
	</object>
	<object>
		<name>table_cell</name>
		<pose>Unspecified</pose>
		<truncated>0</truncated>
		<difficult>0</difficult>
		<bndbox>
			<xmin>528</xmin>
			<ymin>140</ymin>
			<xmax>552</xmax>
			<ymax>150</ymax>
		</bndbox>
	</object>
	<object>
		<name>table_cell</name>
		<pose>Unspecified</pose>
		<truncated>0</truncated>
		<difficult>0</difficult>
		<bndbox>
			<xmin>87</xmin>
			<ymin>155</ymin>
			<xmax>141</xmax>
			<ymax>169</ymax>
		</bndbox>
	</object>
	<object>
		<name>table_cell</name>
		<pose>Unspecified</pose>
		<truncated>0</truncated>
		<difficult>0</difficult>
		<bndbox>
			<xmin>336</xmin>
			<ymin>155</ymin>
			<xmax>352</xmax>
			<ymax>166</ymax>
		</bndbox>
	</object>
	<object>
		<name>table_cell</name>
		<pose>Unspecified</pose>
		<truncated>0</truncated>
		<difficult>0</difficult>
		<bndbox>
			<xmin>24</xmin>
			<ymin>156</ymin>
			<xmax>45</xmax>
			<ymax>166</ymax>
		</bndbox>
	</object>
	<object>
		<name>table_cell</name>
		<pose>Unspecified</pose>
		<truncated>0</truncated>
		<difficult>0</difficult>
		<bndbox>
			<xmin>168</xmin>
			<ymin>156</ymin>
			<xmax>189</xmax>
			<ymax>166</ymax>
		</bndbox>
	</object>
	<object>
		<name>table_cell</name>
		<pose>Unspecified</pose>
		<truncated>0</truncated>
		<difficult>0</difficult>
		<bndbox>
			<xmin>233</xmin>
			<ymin>156</ymin>
			<xmax>292</xmax>
			<ymax>166</ymax>
		</bndbox>
	</object>
	<object>
		<name>table_cell</name>
		<pose>Unspecified</pose>
		<truncated>0</truncated>
		<difficult>0</difficult>
		<bndbox>
			<xmin>387</xmin>
			<ymin>156</ymin>
			<xmax>401</xmax>
			<ymax>166</ymax>
		</bndbox>
	</object>
	<object>
		<name>table_cell</name>
		<pose>Unspecified</pose>
		<truncated>0</truncated>
		<difficult>0</difficult>
		<bndbox>
			<xmin>431</xmin>
			<ymin>156</ymin>
			<xmax>449</xmax>
			<ymax>166</ymax>
		</bndbox>
	</object>
	<object>
		<name>table_cell</name>
		<pose>Unspecified</pose>
		<truncated>0</truncated>
		<difficult>0</difficult>
		<bndbox>
			<xmin>479</xmin>
			<ymin>156</ymin>
			<xmax>487</xmax>
			<ymax>166</ymax>
		</bndbox>
	</object>
	<object>
		<name>table_cell</name>
		<pose>Unspecified</pose>
		<truncated>0</truncated>
		<difficult>0</difficult>
		<bndbox>
			<xmin>528</xmin>
			<ymin>156</ymin>
			<xmax>560</xmax>
			<ymax>166</ymax>
		</bndbox>
	</object>
	<object>
		<name>table_cell</name>
		<pose>Unspecified</pose>
		<truncated>0</truncated>
		<difficult>0</difficult>
		<bndbox>
			<xmin>336</xmin>
			<ymin>172</ymin>
			<xmax>352</xmax>
			<ymax>183</ymax>
		</bndbox>
	</object>
	<object>
		<name>table_cell</name>
		<pose>Unspecified</pose>
		<truncated>0</truncated>
		<difficult>0</difficult>
		<bndbox>
			<xmin>234</xmin>
			<ymin>173</ymin>
			<xmax>292</xmax>
			<ymax>183</ymax>
		</bndbox>
	</object>
	<object>
		<name>table_cell</name>
		<pose>Unspecified</pose>
		<truncated>0</truncated>
		<difficult>0</difficult>
		<bndbox>
			<xmin>387</xmin>
			<ymin>173</ymin>
			<xmax>401</xmax>
			<ymax>183</ymax>
		</bndbox>
	</object>
	<object>
		<name>table_cell</name>
		<pose>Unspecified</pose>
		<truncated>0</truncated>
		<difficult>0</difficult>
		<bndbox>
			<xmin>431</xmin>
			<ymin>173</ymin>
			<xmax>439</xmax>
			<ymax>183</ymax>
		</bndbox>
	</object>
	<object>
		<name>table_cell</name>
		<pose>Unspecified</pose>
		<truncated>0</truncated>
		<difficult>0</difficult>
		<bndbox>
			<xmin>479</xmin>
			<ymin>173</ymin>
			<xmax>487</xmax>
			<ymax>183</ymax>
		</bndbox>
	</object>
	<object>
		<name>table_cell</name>
		<pose>Unspecified</pose>
		<truncated>0</truncated>
		<difficult>0</difficult>
		<bndbox>
			<xmin>528</xmin>
			<ymin>173</ymin>
			<xmax>535</xmax>
			<ymax>183</ymax>
		</bndbox>
	</object>
	<object>
		<name>table_cell</name>
		<pose>Unspecified</pose>
		<truncated>0</truncated>
		<difficult>0</difficult>
		<bndbox>
			<xmin>336</xmin>
			<ymin>188</ymin>
			<xmax>353</xmax>
			<ymax>199</ymax>
		</bndbox>
	</object>
	<object>
		<name>table_cell</name>
		<pose>Unspecified</pose>
		<truncated>0</truncated>
		<difficult>0</difficult>
		<bndbox>
			<xmin>387</xmin>
			<ymin>189</ymin>
			<xmax>401</xmax>
			<ymax>199</ymax>
		</bndbox>
	</object>
	<object>
		<name>table_cell</name>
		<pose>Unspecified</pose>
		<truncated>0</truncated>
		<difficult>0</difficult>
		<bndbox>
			<xmin>431</xmin>
			<ymin>189</ymin>
			<xmax>449</xmax>
			<ymax>199</ymax>
		</bndbox>
	</object>
	<object>
		<name>table_cell</name>
		<pose>Unspecified</pose>
		<truncated>0</truncated>
		<difficult>0</difficult>
		<bndbox>
			<xmin>479</xmin>
			<ymin>189</ymin>
			<xmax>487</xmax>
			<ymax>199</ymax>
		</bndbox>
	</object>
	<object>
		<name>table_cell</name>
		<pose>Unspecified</pose>
		<truncated>0</truncated>
		<difficult>0</difficult>
		<bndbox>
			<xmin>528</xmin>
			<ymin>189</ymin>
			<xmax>560</xmax>
			<ymax>199</ymax>
		</bndbox>
	</object>
</annotation>
