<annotation>
	<folder>images</folder>
	<filename>1407.1987.table_4.png</filename>
	<path>E:\TableBank-Recognition\recognition_sampled\images\1407.1987.table_4.png</path>
	<source>
		<database>Unknown</database>
	</source>
	<size>
		<width>520</width>
		<height>118</height>
		<depth>1</depth>
	</size>
	<segmented>0</segmented>
	<object>
		<name>table_cell</name>
		<pose>Unspecified</pose>
		<truncated>0</truncated>
		<difficult>0</difficult>
		<bndbox>
			<xmin>372</xmin>
			<ymin>2</ymin>
			<xmax>513</xmax>
			<ymax>16</ymax>
		</bndbox>
	</object>
	<object>
		<name>table_cell</name>
		<pose>Unspecified</pose>
		<truncated>1</truncated>
		<difficult>0</difficult>
		<bndbox>
			<xmin>11</xmin>
			<ymin>1</ymin>
			<xmax>56</xmax>
			<ymax>32</ymax>
		</bndbox>
	</object>
	<object>
		<name>table_cell</name>
		<pose>Unspecified</pose>
		<truncated>0</truncated>
		<difficult>0</difficult>
		<bndbox>
			<xmin>91</xmin>
			<ymin>2</ymin>
			<xmax>135</xmax>
			<ymax>33</ymax>
		</bndbox>
	</object>
	<object>
		<name>table_cell</name>
		<pose>Unspecified</pose>
		<truncated>1</truncated>
		<difficult>0</difficult>
		<bndbox>
			<xmin>186</xmin>
			<ymin>1</ymin>
			<xmax>222</xmax>
			<ymax>33</ymax>
		</bndbox>
	</object>
	<object>
		<name>table_cell</name>
		<pose>Unspecified</pose>
		<truncated>1</truncated>
		<difficult>0</difficult>
		<bndbox>
			<xmin>292</xmin>
			<ymin>1</ymin>
			<xmax>328</xmax>
			<ymax>33</ymax>
		</bndbox>
	</object>
	<object>
		<name>table_cell</name>
		<pose>Unspecified</pose>
		<truncated>0</truncated>
		<difficult>0</difficult>
		<bndbox>
			<xmin>4</xmin>
			<ymin>36</ymin>
			<xmax>64</xmax>
			<ymax>47</ymax>
		</bndbox>
	</object>
	<object>
		<name>table_cell</name>
		<pose>Unspecified</pose>
		<truncated>0</truncated>
		<difficult>0</difficult>
		<bndbox>
			<xmin>84</xmin>
			<ymin>37</ymin>
			<xmax>143</xmax>
			<ymax>47</ymax>
		</bndbox>
	</object>
	<object>
		<name>table_cell</name>
		<pose>Unspecified</pose>
		<truncated>0</truncated>
		<difficult>0</difficult>
		<bndbox>
			<xmin>160</xmin>
			<ymin>37</ymin>
			<xmax>249</xmax>
			<ymax>47</ymax>
		</bndbox>
	</object>
	<object>
		<name>table_cell</name>
		<pose>Unspecified</pose>
		<truncated>0</truncated>
		<difficult>0</difficult>
		<bndbox>
			<xmin>267</xmin>
			<ymin>37</ymin>
			<xmax>356</xmax>
			<ymax>47</ymax>
		</bndbox>
	</object>
	<object>
		<name>table_cell</name>
		<pose>Unspecified</pose>
		<truncated>1</truncated>
		<difficult>0</difficult>
		<bndbox>
			<xmin>1</xmin>
			<ymin>53</ymin>
			<xmax>66</xmax>
			<ymax>63</ymax>
		</bndbox>
	</object>
	<object>
		<name>table_cell</name>
		<pose>Unspecified</pose>
		<truncated>0</truncated>
		<difficult>0</difficult>
		<bndbox>
			<xmin>84</xmin>
			<ymin>53</ymin>
			<xmax>143</xmax>
			<ymax>63</ymax>
		</bndbox>
	</object>
	<object>
		<name>table_cell</name>
		<pose>Unspecified</pose>
		<truncated>0</truncated>
		<difficult>0</difficult>
		<bndbox>
			<xmin>160</xmin>
			<ymin>53</ymin>
			<xmax>249</xmax>
			<ymax>63</ymax>
		</bndbox>
	</object>
	<object>
		<name>table_cell</name>
		<pose>Unspecified</pose>
		<truncated>0</truncated>
		<difficult>0</difficult>
		<bndbox>
			<xmin>270</xmin>
			<ymin>53</ymin>
			<xmax>353</xmax>
			<ymax>63</ymax>
		</bndbox>
	</object>
	<object>
		<name>table_cell</name>
		<pose>Unspecified</pose>
		<truncated>0</truncated>
		<difficult>0</difficult>
		<bndbox>
			<xmin>3</xmin>
			<ymin>68</ymin>
			<xmax>63</xmax>
			<ymax>80</ymax>
		</bndbox>
	</object>
	<object>
		<name>table_cell</name>
		<pose>Unspecified</pose>
		<truncated>0</truncated>
		<difficult>0</difficult>
		<bndbox>
			<xmin>84</xmin>
			<ymin>70</ymin>
			<xmax>142</xmax>
			<ymax>80</ymax>
		</bndbox>
	</object>
	<object>
		<name>table_cell</name>
		<pose>Unspecified</pose>
		<truncated>0</truncated>
		<difficult>0</difficult>
		<bndbox>
			<xmin>164</xmin>
			<ymin>70</ymin>
			<xmax>246</xmax>
			<ymax>80</ymax>
		</bndbox>
	</object>
	<object>
		<name>table_cell</name>
		<pose>Unspecified</pose>
		<truncated>0</truncated>
		<difficult>0</difficult>
		<bndbox>
			<xmin>267</xmin>
			<ymin>70</ymin>
			<xmax>356</xmax>
			<ymax>80</ymax>
		</bndbox>
	</object>
	<object>
		<name>table_cell</name>
		<pose>Unspecified</pose>
		<truncated>1</truncated>
		<difficult>0</difficult>
		<bndbox>
			<xmin>1</xmin>
			<ymin>87</ymin>
			<xmax>67</xmax>
			<ymax>97</ymax>
		</bndbox>
	</object>
	<object>
		<name>table_cell</name>
		<pose>Unspecified</pose>
		<truncated>0</truncated>
		<difficult>0</difficult>
		<bndbox>
			<xmin>84</xmin>
			<ymin>87</ymin>
			<xmax>143</xmax>
			<ymax>97</ymax>
		</bndbox>
	</object>
	<object>
		<name>table_cell</name>
		<pose>Unspecified</pose>
		<truncated>0</truncated>
		<difficult>0</difficult>
		<bndbox>
			<xmin>164</xmin>
			<ymin>87</ymin>
			<xmax>246</xmax>
			<ymax>97</ymax>
		</bndbox>
	</object>
	<object>
		<name>table_cell</name>
		<pose>Unspecified</pose>
		<truncated>0</truncated>
		<difficult>0</difficult>
		<bndbox>
			<xmin>267</xmin>
			<ymin>87</ymin>
			<xmax>356</xmax>
			<ymax>97</ymax>
		</bndbox>
	</object>
	<object>
		<name>table_cell</name>
		<pose>Unspecified</pose>
		<truncated>1</truncated>
		<difficult>0</difficult>
		<bndbox>
			<xmin>1</xmin>
			<ymin>103</ymin>
			<xmax>67</xmax>
			<ymax>113</ymax>
		</bndbox>
	</object>
	<object>
		<name>table_cell</name>
		<pose>Unspecified</pose>
		<truncated>0</truncated>
		<difficult>0</difficult>
		<bndbox>
			<xmin>84</xmin>
			<ymin>103</ymin>
			<xmax>143</xmax>
			<ymax>113</ymax>
		</bndbox>
	</object>
	<object>
		<name>table_cell</name>
		<pose>Unspecified</pose>
		<truncated>0</truncated>
		<difficult>0</difficult>
		<bndbox>
			<xmin>160</xmin>
			<ymin>103</ymin>
			<xmax>250</xmax>
			<ymax>113</ymax>
		</bndbox>
	</object>
	<object>
		<name>table_cell</name>
		<pose>Unspecified</pose>
		<truncated>0</truncated>
		<difficult>0</difficult>
		<bndbox>
			<xmin>267</xmin>
			<ymin>103</ymin>
			<xmax>356</xmax>
			<ymax>113</ymax>
		</bndbox>
	</object>
	<object>
		<name>table_cell</name>
		<pose>Unspecified</pose>
		<truncated>0</truncated>
		<difficult>0</difficult>
		<bndbox>
			<xmin>382</xmin>
			<ymin>103</ymin>
			<xmax>504</xmax>
			<ymax>114</ymax>
		</bndbox>
	</object>
</annotation>
